2017/09/25 05:39,Kenneth Marrocco,763,UPDATE,Details:
2017/09/25 05:39,Kenneth Marrocco,762,UPDATE,Details:
2017/09/25 05:39,Kenneth Marrocco,747,UPDATE,Details:
2017/09/24 19:39,Shenandoah Graiser,787,UPDATE,Details: Epsilon
2017/09/24 19:39,Shenandoah Graiser,526,UPDATE,Details: Delta
2017/09/24 12:50,Christopher Block,[Deleted: ID 401],UPDATE,Details: Beta
2017/09/24 12:50,Christopher Block,[Deleted: ID 389],UPDATE,Details:
2017/09/24 12:25,Christopher Block,788,UPDATE,Details: Alpha
2017/09/24 12:25,Christopher Block,[Deleted: ID 389],UPDATE,Details: Alpha
2017/09/24 12:25,Christopher Block,[Deleted: ID 406],UPDATE,"Status: Take Last, Details:"
2017/09/24 12:10,Christopher Block,788,UPDATE,Details: Beta
2017/09/24 12:10,Christopher Block,[Deleted: ID 406],UPDATE,Details: Alpha
2017/09/23 20:09,Reece Pyankaroo,526,UPDATE,Details: Epsilon
2017/09/23 20:09,Reece Pyankaroo,[Deleted: ID 389],UPDATE,Details:
2017/09/23 20:09,Reece Pyankaroo,[Deleted: ID 406],UPDATE,Details: Beta
2017/09/23 17:01,Gabrielle Aviles,788,UPDATE,Details: Alpha1
2017/09/23 17:01,Gabrielle Aviles,[Deleted: ID 401],UPDATE,Details:
2017/09/23 17:01,Gabrielle Aviles,526,UPDATE,Details: Beta
2017/09/23 17:01,Gabrielle Aviles,[Deleted: ID 393],UPDATE,Details: Chi
2017/09/23 17:01,Gabrielle Aviles,[Deleted: ID 406],UPDATE,Details:
2017/09/23 12:06,Glenell Jaquez,[Deleted: ID 401],UPDATE,Details: Chi
2017/09/23 12:06,Glenell Jaquez,[Deleted: ID 393],UPDATE,Details:
2017/09/23 12:05,Glenell Jaquez,[Deleted: ID 391],UPDATE,Details:
2017/09/23 12:05,Glenell Jaquez,[Deleted: ID 406],UPDATE,Details: Beta
2017/09/23 12:04,Glenell Jaquez,788,UPDATE,Details:
2017/09/23 12:04,Glenell Jaquez,787,UPDATE,Details: Delta
2017/09/23 01:42,Christopher Block,788,UPDATE,Details: Delta
2017/09/23 01:42,Christopher Block,[Deleted: ID 401],UPDATE,Details:
2017/09/23 01:14,Christopher Block,[Deleted: ID 401],UPDATE,Details: Delta
2017/09/23 01:14,Christopher Block,526,UPDATE,Details: Biohazard
2017/09/22 12:54,Raul Avalos,[Deleted: ID 391],UPDATE,Details: Beta
2017/09/22 12:54,Raul Avalos,[Deleted: ID 406],UPDATE,Details: ITC
2017/09/22 08:27,Raul Avalos,788,UPDATE,Details: Alpha
2017/09/22 08:27,Raul Avalos,787,UPDATE,Details:
2017/09/22 08:27,Raul Avalos,[Deleted: ID 393],UPDATE,Details: Chi
2017/09/21 11:41,Kenneth Marrocco,[Deleted: ID 391],UPDATE,"Status: OK, Details: ITC"
2017/09/21 09:12,Raul Avalos,787,UPDATE,Details: L
2017/09/21 09:12,Raul Avalos,526,UPDATE,Details: Delta
2017/09/21 08:32,Raul Avalos,787,UPDATE,Details: Delta
2017/09/21 08:32,Raul Avalos,[Deleted: ID 401],UPDATE,Details:
2017/09/21 08:32,Raul Avalos,526,UPDATE,Details:
2017/09/21 08:32,Raul Avalos,[Deleted: ID 395],UPDATE,"Status: OUT, Details: DOT"
2017/09/21 08:32,Raul Avalos,[Deleted: ID 394],UPDATE,"Status: OUT, Details: DOT"
2017/09/21 08:32,Raul Avalos,[Deleted: ID 393],UPDATE,Details: Alpha
2017/09/21 08:32,Raul Avalos,[Deleted: ID 406],UPDATE,Details: Beta
2017/09/21 08:32,Raul Avalos,[Deleted: ID 405],UPDATE,Details: OUT
2017/09/20 13:27,Kenneth Marrocco,788,UPDATE,Details: Chi
2017/09/20 13:27,Kenneth Marrocco,787,UPDATE,Details: Zeta
2017/09/20 13:27,Kenneth Marrocco,[Deleted: ID 393],UPDATE,Details:
2017/09/20 12:00,Raul Avalos,788,UPDATE,Details: Zeta
2017/09/20 12:00,Raul Avalos,[Deleted: ID 393],UPDATE,Details: Chi
2017/09/20 11:01,Kenneth Marrocco,[Deleted: ID 396],UPDATE,"Status: OUT, Details:"
2017/09/20 11:01,Kenneth Marrocco,[Deleted: ID 389],UPDATE,"Status: OK, Details: Epsilon"
2017/09/20 10:01,Kenneth Marrocco,[Deleted: ID 396],UPDATE,Details: Epsilon
2017/09/20 10:01,Kenneth Marrocco,[Deleted: ID 401],UPDATE,Details: Gamma
2017/09/20 08:57,Kenneth Marrocco,763,UPDATE,Details: CS C
2017/09/20 08:57,Kenneth Marrocco,762,UPDATE,Details: CS A
2017/09/20 08:57,Kenneth Marrocco,748,UPDATE,Details:
2017/09/20 08:57,Kenneth Marrocco,747,UPDATE,Details: CS B
2017/09/20 08:12,Kenneth Marrocco,787,UPDATE,Details:
2017/09/20 08:12,Kenneth Marrocco,[Deleted: ID 396],UPDATE,Details: Gamma
2017/09/20 06:56,Kenneth Marrocco,[Deleted: ID 396],UPDATE,Status: OK
2017/09/20 06:46,Kenneth Marrocco,787,UPDATE,Details: Gamma
2017/09/20 06:46,Kenneth Marrocco,[Deleted: ID 393],UPDATE,Details: Zeta
2017/09/20 06:44,Kenneth Marrocco,[Deleted: ID 401],UPDATE,Details: Epsilon
2017/09/20 06:44,Kenneth Marrocco,526,UPDATE,Details: Delta
2017/09/20 06:43,Kenneth Marrocco,788,UPDATE,"Status: OK, Details: Chi"
2017/09/20 06:43,Kenneth Marrocco,787,UPDATE,Details:
2017/09/20 06:43,Kenneth Marrocco,[Deleted: ID 401],UPDATE,Details:
2017/09/20 06:43,Kenneth Marrocco,526,UPDATE,Details:
2017/09/20 06:43,Kenneth Marrocco,[Deleted: ID 395],UPDATE,Details: Beta
2017/09/20 06:43,Kenneth Marrocco,[Deleted: ID 394],UPDATE,Details: Alpha
2017/09/20 06:36,Kenneth Marrocco,788,UPDATE,Details:
2017/09/20 06:36,Kenneth Marrocco,528,UPDATE,Details:
2017/09/19 23:43,Yonatan Hammerman,788,UPDATE,"Status: OUT, Details: Biohazard"
2017/09/19 13:20,Kenneth Marrocco,[Deleted: ID 396],UPDATE,Status: OUT
2017/09/19 12:57,Kenneth Marrocco,[Deleted: ID 396],UPDATE,Details:
2017/09/19 12:57,Kenneth Marrocco,[Deleted: ID 406],UPDATE,Details: Omega
2017/09/19 11:24,Kenneth Marrocco,[Deleted: ID 392],UPDATE,Status: TRAINING ONLY
2017/09/19 11:23,Kenneth Marrocco,[Deleted: ID 397],UPDATE,Status: OUT
2017/09/19 11:22,Kenneth Marrocco,[Deleted: ID 389],UPDATE,Status: Take Last
2017/09/19 09:28,Kenneth Marrocco,[Deleted: ID 397],UPDATE,Details:
2017/09/19 09:28,Kenneth Marrocco,[Deleted: ID 401],UPDATE,Details: Alpha
2017/09/19 09:28,Kenneth Marrocco,[Deleted: ID 393],UPDATE,Details:
2017/09/19 09:28,Kenneth Marrocco,[Deleted: ID 389],UPDATE,Details:
2017/09/19 07:11,Kenneth Marrocco,762,UPDATE,Details: CS C
2017/09/19 07:11,Kenneth Marrocco,748,UPDATE,Details: CS B
2017/09/19 06:54,Kenneth Marrocco,787,UPDATE,Details: Gamma
2017/09/19 06:54,Kenneth Marrocco,[Deleted: ID 401],UPDATE,Details:
2017/09/19 06:53,Kenneth Marrocco,747,UPDATE,Details: CS A
2017/09/19 06:40,Kenneth Marrocco,787,UPDATE,Details:
2017/09/19 06:40,Kenneth Marrocco,[Deleted: ID 393],UPDATE,Details: Alpha
2017/09/19 06:10,Kenneth Marrocco,526,UPDATE,Details: Delta
2017/09/19 06:10,Kenneth Marrocco,528,UPDATE,Details: Zeta
2017/09/19 06:10,Kenneth Marrocco,[Deleted: ID 395],UPDATE,Details: Epsilon
2017/09/19 06:08,Kenneth Marrocco,[Deleted: ID 396],UPDATE,Details: Omega
2017/09/19 06:08,Kenneth Marrocco,788,UPDATE,Details: Chi
2017/09/19 06:08,Kenneth Marrocco,787,UPDATE,Details: Alpha
2017/09/19 06:08,Kenneth Marrocco,[Deleted: ID 394],UPDATE,Details: Beta
2017/09/19 06:00,Kenneth Marrocco,[Deleted: ID 401],UPDATE,Details: Gamma
2017/09/19 05:59,Kenneth Marrocco,763,UPDATE,Details:
2017/09/19 05:59,Kenneth Marrocco,762,UPDATE,Details:
2017/09/19 05:59,Kenneth Marrocco,747,UPDATE,Details:
2017/09/19 05:59,Kenneth Marrocco,788,UPDATE,Details:
2017/09/19 05:59,Kenneth Marrocco,787,UPDATE,Details:
2017/09/19 05:59,Kenneth Marrocco,[Deleted: ID 397],UPDATE,Details: Stay
2017/09/19 05:59,Kenneth Marrocco,528,UPDATE,Details:
2017/09/19 05:59,Kenneth Marrocco,[Deleted: ID 401],UPDATE,Details:
2017/09/19 05:59,Kenneth Marrocco,[Deleted: ID 395],UPDATE,Details:
2017/09/19 05:59,Kenneth Marrocco,[Deleted: ID 394],UPDATE,Details:
2017/09/19 05:59,Kenneth Marrocco,[Deleted: ID 393],UPDATE,Details:
2017/09/19 05:59,Kenneth Marrocco,[Deleted: ID 389],UPDATE,Details: Stay
2017/09/18 15:35,Raul Avalos,763,UPDATE,Details: CS C
2017/09/18 15:35,Raul Avalos,748,UPDATE,Details:
2017/09/18 14:07,Kenneth Marrocco,[Deleted: ID 396],UPDATE,"Status: OK, Details:"
2017/09/18 11:28,Kenneth Marrocco,[Deleted: ID 401],UPDATE,Details: Delta
2017/09/18 11:28,Kenneth Marrocco,526,UPDATE,"Status: OK, Details:"
2017/09/18 11:28,Kenneth Marrocco,[Deleted: ID 389],UPDATE,Details:
2017/09/18 07:22,Kenneth Marrocco,748,UPDATE,Details: CS C
2017/09/18 07:22,Kenneth Marrocco,747,UPDATE,Details: CS B
2017/09/18 07:22,Kenneth Marrocco,748,UPDATE,Details: CS
2017/09/18 07:22,Kenneth Marrocco,747,UPDATE,Details: CS
2017/09/18 06:52,Kenneth Marrocco,[Deleted: ID 396],UPDATE,Details: DOT
2017/09/18 06:52,Kenneth Marrocco,762,UPDATE,"Status: OK, Details: CS A"
2017/09/18 06:31,Kenneth Marrocco,[Deleted: ID 392],UPDATE,Details: Training
2017/09/18 06:30,Kenneth Marrocco,[Deleted: ID 395],UPDATE,Details: Gamma
2017/09/18 06:30,Kenneth Marrocco,[Deleted: ID 394],UPDATE,Details: Chi
2017/09/18 06:26,Kenneth Marrocco,788,UPDATE,Details: Alpha
2017/09/18 06:26,Kenneth Marrocco,787,UPDATE,Details: Beta
2017/09/18 06:26,Kenneth Marrocco,[Deleted: ID 397],UPDATE,Details: Omega
2017/09/18 06:26,Kenneth Marrocco,528,UPDATE,Details: Epsilon
2017/09/18 06:26,Kenneth Marrocco,[Deleted: ID 395],UPDATE,Details: Chi
2017/09/18 06:26,Kenneth Marrocco,[Deleted: ID 394],UPDATE,Details: Gamma
2017/09/18 06:26,Kenneth Marrocco,[Deleted: ID 393],UPDATE,Details: Zeta
2017/09/18 06:26,Kenneth Marrocco,[Deleted: ID 389],UPDATE,Details: Delta
2017/09/18 06:22,Kenneth Marrocco,788,UPDATE,Details:
2017/09/18 06:22,Kenneth Marrocco,787,UPDATE,Details:
2017/09/18 06:22,Kenneth Marrocco,528,UPDATE,Details:
2017/09/18 06:22,Kenneth Marrocco,[Deleted: ID 394],UPDATE,Details:
2017/09/18 06:22,Kenneth Marrocco,[Deleted: ID 393],UPDATE,Details:
2017/09/18 06:22,Kenneth Marrocco,[Deleted: ID 392],UPDATE,Details:
2017/09/18 06:22,Kenneth Marrocco,762,UPDATE,Details:
2017/09/18 06:22,Kenneth Marrocco,748,UPDATE,Details:
2017/09/18 06:22,Kenneth Marrocco,747,UPDATE,Details:
2017/09/17 22:19,Yonatan Hammerman,[Deleted: ID 397],UPDATE,Details:
2017/09/17 22:19,Yonatan Hammerman,528,UPDATE,Details: Beta
2017/09/17 22:19,Yonatan Hammerman,[Deleted: ID 401],UPDATE,Details:
2017/09/17 22:19,Yonatan Hammerman,[Deleted: ID 395],UPDATE,Details:
2017/09/17 22:19,Yonatan Hammerman,[Deleted: ID 389],UPDATE,Details:
2017/09/17 19:14,Naveed Tariq,[Deleted: ID 393],UPDATE,Details: Epsilon
2017/09/17 19:14,Naveed Tariq,[Deleted: ID 392],UPDATE,Details: Delta
2017/09/17 08:45,Alpha Chen,787,UPDATE,Details: Alpha
2017/09/17 01:54,Reece Pyankaroo,528,UPDATE,Details: Biohazard
2017/09/17 01:54,Reece Pyankaroo,[Deleted: ID 394],UPDATE,Details: Chi
2017/09/17 01:37,Reece Pyankaroo,[Deleted: ID 392],UPDATE,Details: Epsilon
2017/09/17 01:37,Reece Pyankaroo,[Deleted: ID 389],UPDATE,Details: Biohazard
2017/09/16 14:53,Reece Pyankaroo,787,UPDATE,Details: Charter
2017/09/16 14:53,Reece Pyankaroo,[Deleted: ID 394],UPDATE,Details:
2017/09/16 14:53,Reece Pyankaroo,[Deleted: ID 389],UPDATE,Details: Epsilon
2017/09/16 13:59,Reece Pyankaroo,[Deleted: ID 401],UPDATE,Details: Charter
2017/09/16 13:59,Reece Pyankaroo,[Deleted: ID 395],UPDATE,Details: Charter
2017/09/16 13:59,Reece Pyankaroo,[Deleted: ID 394],UPDATE,Details: Charter
2017/09/16 09:26,Shenandoah Graiser,[Deleted: ID 393],UPDATE,Details: Delta
2017/09/16 09:26,Shenandoah Graiser,528,UPDATE,Details: Chi
2017/09/16 09:25,Shenandoah Graiser,[Deleted: ID 393],UPDATE,Details:
2017/09/16 09:25,Shenandoah Graiser,787,UPDATE,Details: Epsilon
2017/09/16 09:25,Shenandoah Graiser,788,UPDATE,Details: Training
2017/09/16 09:25,Shenandoah Graiser,787,UPDATE,Details: epsilon
2017/09/16 09:25,Shenandoah Graiser,788,UPDATE,Details:
2017/09/16 09:25,Shenandoah Graiser,787,UPDATE,Details:
2017/09/16 08:53,Shenandoah Graiser,[Deleted: ID 397],UPDATE,Details: Beta
2017/09/16 08:53,Shenandoah Graiser,[Deleted: ID 406],UPDATE,Details:
2017/09/16 08:20,Shenandoah Graiser,[Deleted: ID 394],UPDATE,Details:
2017/09/16 08:20,Shenandoah Graiser,[Deleted: ID 392],UPDATE,Details: Alpha
2017/09/16 03:08,Harrison Kaye,787,UPDATE,Details: BIOHAZARD
2017/09/16 03:08,Harrison Kaye,[Deleted: ID 406],UPDATE,Details: Beta
2017/09/16 02:23,Harrison Kaye,[Deleted: ID 397],UPDATE,Details: Chi
2017/09/16 02:23,Harrison Kaye,[Deleted: ID 393],UPDATE,Details: BIOHAZARD
2017/09/15 21:55,Raul Avalos,[Deleted: ID 395],UPDATE,"Status: OK, Details:"
2017/09/15 15:58,Jason Andrews,526,UPDATE,Status: OUT
2017/09/15 15:57,Jason Andrews,[Deleted: ID 401],UPDATE,Status: OK
2017/09/15 15:57,Jason Andrews,526,UPDATE,Status: OK
2017/09/15 14:16,Raul Avalos,526,UPDATE,"Status: OUT, Details: DOT"
2017/09/15 12:02,Raul Avalos,[Deleted: ID 397],UPDATE,Details: Zeta
2017/09/15 12:02,Raul Avalos,528,UPDATE,Details: Delta
2017/09/15 12:01,Raul Avalos,526,UPDATE,Details:
2017/09/15 12:01,Raul Avalos,[Deleted: ID 389],UPDATE,Details: Gamma
2017/09/15 08:55,Raul Avalos,788,UPDATE,Details: Epsilon
2017/09/15 08:55,Raul Avalos,526,UPDATE,Details: Gamma
2017/09/15 08:55,Raul Avalos,[Deleted: ID 389],UPDATE,Details:
2017/09/15 08:55,Raul Avalos,[Deleted: ID 406],UPDATE,Details: Omega
2017/09/15 07:36,Raul Avalos,788,UPDATE,Details: Gamma
2017/09/15 07:36,Raul Avalos,[Deleted: ID 393],UPDATE,Details: Chi
2017/09/15 06:54,Raul Avalos,788,UPDATE,Details: Gamma
2017/09/15 06:54,Raul Avalos,[Deleted: ID 393],UPDATE,Details: Chi
2017/09/15 05:35,Raul Avalos,788,UPDATE,Details: Chi
2017/09/15 05:35,Raul Avalos,787,UPDATE,Details: Beta
2017/09/15 05:35,Raul Avalos,[Deleted: ID 397],UPDATE,"Status: OK, Details: Delta"
2017/09/15 05:35,Raul Avalos,528,UPDATE,Details: Zeta
2017/09/15 05:35,Raul Avalos,[Deleted: ID 401],UPDATE,Details:
2017/09/15 05:35,Raul Avalos,526,UPDATE,Details:
2017/09/15 05:35,Raul Avalos,[Deleted: ID 394],UPDATE,Details: Alpha
2017/09/15 05:35,Raul Avalos,[Deleted: ID 393],UPDATE,Details: Gamma
2017/09/15 05:35,Raul Avalos,[Deleted: ID 392],UPDATE,Details: Training
2017/09/15 05:35,Raul Avalos,[Deleted: ID 391],UPDATE,Status: OUT
2017/09/15 05:35,Raul Avalos,[Deleted: ID 389],UPDATE,Details: Omega
2017/09/15 05:35,Raul Avalos,[Deleted: ID 406],UPDATE,Details: Epsilon
2017/09/15 05:35,Raul Avalos,788,UPDATE,Details: Chi
2017/09/15 05:35,Raul Avalos,787,UPDATE,Details: Beta
2017/09/15 05:35,Raul Avalos,[Deleted: ID 397],UPDATE,"Status: OK, Details: Delta"
2017/09/15 05:35,Raul Avalos,528,UPDATE,Details: Zeta
2017/09/15 05:35,Raul Avalos,[Deleted: ID 401],UPDATE,Details:
2017/09/15 05:35,Raul Avalos,526,UPDATE,Details:
2017/09/15 05:35,Raul Avalos,[Deleted: ID 394],UPDATE,Details: Alpha
2017/09/15 05:35,Raul Avalos,[Deleted: ID 393],UPDATE,Details: Gamma
2017/09/15 05:35,Raul Avalos,[Deleted: ID 392],UPDATE,Details: Training
2017/09/15 05:35,Raul Avalos,[Deleted: ID 391],UPDATE,Status: OUT
2017/09/15 05:35,Raul Avalos,[Deleted: ID 389],UPDATE,Details: Omega
2017/09/15 05:35,Raul Avalos,[Deleted: ID 406],UPDATE,Details: Epsilon
2017/09/14 22:16,Yonatan Hammerman,[Deleted: ID 397],UPDATE,"Status: Take Last, Details: Front Door"
2017/09/14 22:09,Yonatan Hammerman,[Deleted: ID 397],UPDATE,Details:
2017/09/14 22:09,Yonatan Hammerman,[Deleted: ID 392],UPDATE,Details: Delta
2017/09/14 12:47,Kenneth Marrocco,[Deleted: ID 391],UPDATE,Details:
2017/09/14 12:47,Kenneth Marrocco,[Deleted: ID 406],UPDATE,Details: Omega
2017/09/14 11:52,Kenneth Marrocco,763,UPDATE,Details:
2017/09/14 11:52,Kenneth Marrocco,748,UPDATE,Details: CS C
2017/09/14 11:18,Kenneth Marrocco,[Deleted: ID 395],UPDATE,"Status: OUT, Details: Check engine"
2017/09/14 11:18,Kenneth Marrocco,[Deleted: ID 394],UPDATE,Details: Zeta
2017/09/14 11:18,Kenneth Marrocco,[Deleted: ID 389],UPDATE,Details: Epsilon
2017/09/14 09:58,Kenneth Marrocco,762,UPDATE,Details: CS A
2017/09/14 09:58,Kenneth Marrocco,748,UPDATE,Details:
2017/09/14 09:13,Kenneth Marrocco,763,UPDATE,Details: CS C
2017/09/14 09:13,Kenneth Marrocco,747,UPDATE,Details: CS B
2017/09/14 09:11,Kenneth Marrocco,748,UPDATE,Details: CS A
2017/09/14 06:20,Kenneth Marrocco,787,UPDATE,Details: Gamma
2017/09/14 06:20,Kenneth Marrocco,[Deleted: ID 397],UPDATE,Details: Delta
2017/09/14 06:20,Kenneth Marrocco,[Deleted: ID 395],UPDATE,Details: Epsilon
2017/09/14 06:18,Kenneth Marrocco,788,UPDATE,Details: Beta
2017/09/14 06:18,Kenneth Marrocco,528,UPDATE,Details: Alpha
2017/09/14 06:18,Kenneth Marrocco,[Deleted: ID 393],UPDATE,Details: Chi
2017/09/14 06:18,Kenneth Marrocco,[Deleted: ID 389],UPDATE,Details: Zeta
2017/09/14 06:15,Kenneth Marrocco,763,UPDATE,Details:
2017/09/14 06:15,Kenneth Marrocco,762,UPDATE,"Status: OUT, Details: Stay"
2017/09/14 06:15,Kenneth Marrocco,747,UPDATE,Details:
2017/09/14 06:15,Kenneth Marrocco,788,UPDATE,Details:
2017/09/14 06:15,Kenneth Marrocco,787,UPDATE,Details:
2017/09/14 06:15,Kenneth Marrocco,[Deleted: ID 397],UPDATE,Details:
2017/09/14 06:15,Kenneth Marrocco,528,UPDATE,Details:
2017/09/14 06:15,Kenneth Marrocco,[Deleted: ID 401],UPDATE,Details: Charter
2017/09/14 06:15,Kenneth Marrocco,526,UPDATE,Details: Charter
2017/09/14 06:15,Kenneth Marrocco,[Deleted: ID 395],UPDATE,Details:
2017/09/14 06:15,Kenneth Marrocco,[Deleted: ID 394],UPDATE,Details:
2017/09/14 06:15,Kenneth Marrocco,[Deleted: ID 389],UPDATE,Details:
2017/09/14 06:15,Kenneth Marrocco,[Deleted: ID 406],UPDATE,Details:
2017/09/13 13:02,Gabrielle Aviles,762,UPDATE,Details: CS B
2017/09/13 13:02,Gabrielle Aviles,747,UPDATE,Details: CS C
2017/09/13 06:53,Kenneth Marrocco,763,UPDATE,Details: CS A
2017/09/13 06:53,Kenneth Marrocco,788,UPDATE,"Status: OK, Details: Chi"
2017/09/13 06:53,Kenneth Marrocco,[Deleted: ID 393],UPDATE,Details:
2017/09/13 06:29,Kenneth Marrocco,787,UPDATE,Details: Epsilon
2017/09/13 06:29,Kenneth Marrocco,[Deleted: ID 397],UPDATE,Details: Zeta
2017/09/13 06:29,Kenneth Marrocco,528,UPDATE,Details: Delta
2017/09/13 06:29,Kenneth Marrocco,[Deleted: ID 394],UPDATE,Details: Gamma
2017/09/13 06:28,Kenneth Marrocco,[Deleted: ID 395],UPDATE,Details: Alpha
2017/09/13 06:28,Kenneth Marrocco,[Deleted: ID 393],UPDATE,Details: Chi
2017/09/13 06:28,Kenneth Marrocco,[Deleted: ID 392],UPDATE,Details: Training
2017/09/13 06:28,Kenneth Marrocco,[Deleted: ID 389],UPDATE,Details: Beta
2017/09/13 06:16,Kenneth Marrocco,526,UPDATE,Details: Stay
2017/09/13 06:16,Kenneth Marrocco,[Deleted: ID 406],UPDATE,Details: Stay
2017/09/13 06:12,Kenneth Marrocco,[Deleted: ID 391],UPDATE,Details: Omega
2017/09/13 06:12,Kenneth Marrocco,763,UPDATE,Details:
2017/09/13 06:12,Kenneth Marrocco,762,UPDATE,Details:
2017/09/13 06:12,Kenneth Marrocco,747,UPDATE,Details:
2017/09/13 06:12,Kenneth Marrocco,787,UPDATE,Details:
2017/09/13 06:12,Kenneth Marrocco,528,UPDATE,Details:
2017/09/13 06:12,Kenneth Marrocco,526,UPDATE,Details:
2017/09/13 06:12,Kenneth Marrocco,[Deleted: ID 395],UPDATE,Details:
2017/09/13 06:12,Kenneth Marrocco,[Deleted: ID 394],UPDATE,Details:
2017/09/13 06:12,Kenneth Marrocco,[Deleted: ID 391],UPDATE,Details:
2017/09/13 06:12,Kenneth Marrocco,[Deleted: ID 389],UPDATE,Details:
2017/09/13 06:12,Kenneth Marrocco,[Deleted: ID 406],UPDATE,Details:
2017/09/12 15:16,Kenneth Marrocco,[Deleted: ID 397],UPDATE,Details:
2017/09/12 15:16,Kenneth Marrocco,[Deleted: ID 391],UPDATE,"Status: OK, Details: Zeta"
2017/09/12 13:29,Kenneth Marrocco,[Deleted: ID 397],UPDATE,Details: Zeta
2017/09/12 13:28,Kenneth Marrocco,788,UPDATE,Status: OUT
2017/09/12 13:28,Kenneth Marrocco,788,UPDATE,Details:
2017/09/12 13:28,Kenneth Marrocco,[Deleted: ID 406],UPDATE,Details: Gamma
2017/09/12 13:16,Kenneth Marrocco,[Deleted: ID 389],UPDATE,Details: Omega
2017/09/12 13:16,Kenneth Marrocco,[Deleted: ID 406],UPDATE,Details: Zeta
2017/09/12 11:45,Kenneth Marrocco,[Deleted: ID 397],UPDATE,Status: OK
2017/09/12 11:43,Kenneth Marrocco,[Deleted: ID 393],UPDATE,Details: Training
2017/09/12 11:43,Kenneth Marrocco,[Deleted: ID 392],UPDATE,Details:
2017/09/12 09:20,Kenneth Marrocco,763,UPDATE,Details: CS C
2017/09/12 09:20,Kenneth Marrocco,762,UPDATE,Details: CS B
2017/09/12 09:19,Kenneth Marrocco,747,UPDATE,Details: CS A
2017/09/12 09:19,Kenneth Marrocco,[Deleted: ID 392],UPDATE,Details: Training
2017/09/12 06:15,Kenneth Marrocco,[Deleted: ID 394],UPDATE,Details: Delta
2017/09/12 06:15,Kenneth Marrocco,[Deleted: ID 389],UPDATE,Details: Zeta
2017/09/12 06:15,Kenneth Marrocco,788,UPDATE,Details: Gamma
2017/09/12 06:15,Kenneth Marrocco,528,UPDATE,Details: Epsilon
2017/09/12 06:13,Kenneth Marrocco,787,UPDATE,Details: Alpha
2017/09/12 06:13,Kenneth Marrocco,526,UPDATE,Details: Chi
2017/09/12 06:13,Kenneth Marrocco,[Deleted: ID 395],UPDATE,Details: Beta
2017/09/12 06:13,Kenneth Marrocco,[Deleted: ID 406],UPDATE,Details: Omega
2017/09/12 06:12,Kenneth Marrocco,763,UPDATE,Details:
2017/09/12 06:12,Kenneth Marrocco,762,UPDATE,Details:
2017/09/12 06:12,Kenneth Marrocco,747,UPDATE,Details:
2017/09/12 06:12,Kenneth Marrocco,788,UPDATE,Details:
2017/09/12 06:12,Kenneth Marrocco,787,UPDATE,Details:
2017/09/12 06:12,Kenneth Marrocco,528,UPDATE,Details:
2017/09/12 06:12,Kenneth Marrocco,526,UPDATE,Details:
2017/09/12 06:12,Kenneth Marrocco,[Deleted: ID 395],UPDATE,Details:
2017/09/12 06:12,Kenneth Marrocco,[Deleted: ID 394],UPDATE,Details:
2017/09/12 06:12,Kenneth Marrocco,[Deleted: ID 393],UPDATE,Details:
2017/09/12 06:12,Kenneth Marrocco,[Deleted: ID 392],UPDATE,Status: OK
2017/09/12 06:12,Kenneth Marrocco,[Deleted: ID 389],UPDATE,Details:
2017/09/12 06:12,Kenneth Marrocco,[Deleted: ID 406],UPDATE,Details:
2017/09/11 17:21,Christopher Block,[Deleted: ID 394],UPDATE,Details: Training
2017/09/11 17:21,Christopher Block,[Deleted: ID 392],UPDATE,"Status: OUT, Details: Headlight"
2017/09/11 14:08,Kenneth Marrocco,748,UPDATE,Details:
2017/09/11 14:08,Kenneth Marrocco,747,UPDATE,Details: CS B
2017/09/11 13:52,Kenneth Marrocco,526,UPDATE,Details: Alpha
2017/09/11 13:52,Kenneth Marrocco,[Deleted: ID 393],UPDATE,Details: Zeta
2017/09/11 12:30,Kenneth Marrocco,762,UPDATE,Details: CS A
2017/09/11 12:30,Kenneth Marrocco,747,UPDATE,Details:
2017/09/11 08:03,Kenneth Marrocco,747,UPDATE,Details: CS A
2017/09/11 07:24,Kenneth Marrocco,763,UPDATE,Details: CS C
2017/09/11 07:24,Kenneth Marrocco,748,UPDATE,Details: CS B
2017/09/11 06:51,Kenneth Marrocco,[Deleted: ID 394],UPDATE,Details:
2017/09/11 06:39,Kenneth Marrocco,[Deleted: ID 389],UPDATE,Details: Delta
2017/09/11 06:39,Kenneth Marrocco,[Deleted: ID 406],UPDATE,Details: Omega
2017/09/11 06:19,Kenneth Marrocco,763,UPDATE,Details:
2017/09/11 06:19,Kenneth Marrocco,748,UPDATE,Details:
2017/09/11 06:19,Kenneth Marrocco,747,UPDATE,Details:
2017/09/11 06:19,Kenneth Marrocco,[Deleted: ID 406],UPDATE,Details: Delta
2017/09/11 06:18,Kenneth Marrocco,788,UPDATE,Details: Epsilon
2017/09/11 06:18,Kenneth Marrocco,526,UPDATE,Details: Zeta
2017/09/11 06:18,Kenneth Marrocco,528,UPDATE,Details: Gamma
2017/09/11 06:16,Kenneth Marrocco,[Deleted: ID 395],UPDATE,Details: Chi
2017/09/11 06:14,Kenneth Marrocco,787,UPDATE,Details: Beta
2017/09/11 06:14,Kenneth Marrocco,[Deleted: ID 393],UPDATE,Details: Alpha
2017/09/11 06:14,Kenneth Marrocco,[Deleted: ID 389],UPDATE,Details: Omega
2017/09/11 06:09,Kenneth Marrocco,[Deleted: ID 394],UPDATE,Details: Stay
2017/09/11 06:09,Kenneth Marrocco,788,UPDATE,Details:
2017/09/11 06:09,Kenneth Marrocco,787,UPDATE,Details:
2017/09/11 06:09,Kenneth Marrocco,[Deleted: ID 401],UPDATE,Details:
2017/09/11 06:09,Kenneth Marrocco,[Deleted: ID 394],UPDATE,Details:
2017/09/11 06:09,Kenneth Marrocco,[Deleted: ID 392],UPDATE,Details: Training
2017/09/11 06:09,Kenneth Marrocco,[Deleted: ID 389],UPDATE,Details:
2017/09/11 06:09,Kenneth Marrocco,[Deleted: ID 406],UPDATE,Details:
2017/09/10 19:52,Naveed Tariq,[Deleted: ID 394],UPDATE,Details: Epsilon
2017/09/10 19:52,Naveed Tariq,[Deleted: ID 406],UPDATE,Details: Delta
2017/09/10 10:26,Naveed Tariq,787,UPDATE,Details: Training
2017/09/10 09:38,Naveed Tariq,[Deleted: ID 395],UPDATE,Details:
2017/09/10 09:38,Naveed Tariq,[Deleted: ID 394],UPDATE,Details: Delta
2017/09/10 09:38,Naveed Tariq,528,UPDATE,Details:
2017/09/10 09:38,Naveed Tariq,[Deleted: ID 406],UPDATE,Details: Epsilon
2017/09/10 09:35,Naveed Tariq,788,UPDATE,Details: Chi
2017/09/10 09:31,Naveed Tariq,[Deleted: ID 395],UPDATE,Details: Delta
2017/09/10 09:31,Naveed Tariq,[Deleted: ID 406],UPDATE,Details:
2017/09/10 09:01,Kenneth Marrocco,526,UPDATE,"Status: OK, Details:"
2017/09/10 09:01,Kenneth Marrocco,[Deleted: ID 395],UPDATE,"Status: OK, Details:"
2017/09/10 09:01,Kenneth Marrocco,[Deleted: ID 394],UPDATE,"Status: OK, Details:"
2017/09/10 09:01,Kenneth Marrocco,[Deleted: ID 393],UPDATE,"Status: OK, Details:"
2017/09/10 09:01,Kenneth Marrocco,788,UPDATE,Details:
2017/09/10 09:01,Kenneth Marrocco,787,UPDATE,Details:
2017/09/10 09:01,Kenneth Marrocco,788,UPDATE,Status: OK
2017/09/10 09:01,Kenneth Marrocco,787,UPDATE,Status: OK
2017/09/10 08:17,Naveed Tariq,[Deleted: ID 401],UPDATE,Details:
2017/09/10 08:17,Naveed Tariq,[Deleted: ID 401],UPDATE,Details:
2017/09/10 08:17,Naveed Tariq,[Deleted: ID 392],UPDATE,Details: Alpha1
2017/09/10 03:06,Zachary Mowatt,787,UPDATE,"Status: OUT, Details: Biohazard"
2017/09/10 02:50,Zachary Mowatt,[Deleted: ID 389],UPDATE,Details: Beta
2017/09/10 02:50,Zachary Mowatt,[Deleted: ID 406],UPDATE,Details: Delta
2017/09/10 02:49,Zachary Mowatt,[Deleted: ID 394],UPDATE,"Status: OUT, Details: Biohazard"
2017/09/10 01:39,Zachary Mowatt,[Deleted: ID 393],UPDATE,"Status: OUT, Details: Biohazard"
2017/09/10 01:38,Zachary Mowatt,788,UPDATE,Details: Biohazard
2017/09/10 01:38,Zachary Mowatt,788,UPDATE,Details:
2017/09/10 01:37,Zachary Mowatt,788,UPDATE,Status: OUT
2017/09/10 01:37,Zachary Mowatt,528,UPDATE,Details: Epsilon
2017/09/09 12:23,Alpha Chen,[Deleted: ID 392],UPDATE,Details:�Training Bus 2
2017/09/09 12:05,Alpha Chen,526,UPDATE,Details: Damage
2017/09/09 12:05,Alpha Chen,[Deleted: ID 395],UPDATE,Details: Air
2017/09/09 12:04,Alpha Chen,528,UPDATE,Details: Alpha
2017/09/09 11:50,Alpha Chen,[Deleted: ID 410],INSERT,
2017/09/09 01:33,Christopher Block,787,UPDATE,Details: Chi
2017/09/09 01:33,Christopher Block,526,UPDATE,"Status: OUT, Details: Biohazard"
2017/09/09 01:20,Christopher Block,787,UPDATE,Details:
2017/09/09 01:20,Christopher Block,528,UPDATE,Details:
2017/09/09 01:20,Christopher Block,[Deleted: ID 392],UPDATE,Details:
2017/09/09 01:20,Christopher Block,[Deleted: ID 389],UPDATE,Details:
2017/09/09 01:20,Christopher Block,[Deleted: ID 406],UPDATE,Details:
2017/09/09 01:17,Christopher Block,[Deleted: ID 395],UPDATE,"Status: OUT, Details: Biohazard"
2017/09/09 01:17,Christopher Block,[Deleted: ID 394],UPDATE,Details: Delta
2017/09/08 13:19,Kenneth Marrocco,[Deleted: ID 394],UPDATE,Details:
2017/09/08 13:19,Kenneth Marrocco,[Deleted: ID 401],UPDATE,Status: Take Last
2017/09/08 13:19,Kenneth Marrocco,[Deleted: ID 392],UPDATE,Status: OK
2017/09/08 13:18,Kenneth Marrocco,[Deleted: ID 397],UPDATE,"Status: OUT, Details:"
2017/09/08 06:56,Kenneth Marrocco,763,UPDATE,Details: CS B
2017/09/08 06:56,Kenneth Marrocco,747,UPDATE,Details: CS A
2017/09/08 06:50,Kenneth Marrocco,[Deleted: ID 395],UPDATE,Details: Delta
2017/09/08 06:32,Kenneth Marrocco,[Deleted: ID 395],UPDATE,Details: Epsilon
2017/09/08 06:31,Kenneth Marrocco,788,UPDATE,Details: Epsilon
2017/09/08 06:31,Kenneth Marrocco,787,UPDATE,Details: Gamma
2017/09/08 06:31,Kenneth Marrocco,526,UPDATE,Details: Chi
2017/09/08 06:31,Kenneth Marrocco,[Deleted: ID 389],UPDATE,Details: Zeta
2017/09/08 06:30,Kenneth Marrocco,528,UPDATE,Details: Alpha
2017/09/08 06:30,Kenneth Marrocco,[Deleted: ID 393],UPDATE,Details: Beta
2017/09/08 06:30,Kenneth Marrocco,[Deleted: ID 406],UPDATE,Details: Omega
2017/09/08 06:30,Kenneth Marrocco,[Deleted: ID 397],UPDATE,Details: Stay
2017/09/08 06:29,Kenneth Marrocco,[Deleted: ID 397],UPDATE,Details:
2017/09/08 06:29,Kenneth Marrocco,528,UPDATE,Details:
2017/09/08 06:29,Kenneth Marrocco,[Deleted: ID 401],UPDATE,Details:
2017/09/08 06:28,Kenneth Marrocco,763,UPDATE,Details: CS A
2017/09/08 06:28,Kenneth Marrocco,762,UPDATE,Details:
2017/09/08 06:28,Kenneth Marrocco,748,UPDATE,Details: CS C
2017/09/08 06:28,Kenneth Marrocco,747,UPDATE,Details: CS B
2017/09/08 06:28,Kenneth Marrocco,[Deleted: ID 397],UPDATE,Details: Stay
2017/09/08 06:28,Kenneth Marrocco,528,UPDATE,Details: Alpha
2017/09/08 06:28,Kenneth Marrocco,526,UPDATE,Details:
2017/09/08 06:28,Kenneth Marrocco,[Deleted: ID 395],UPDATE,Details:
2017/09/08 06:28,Kenneth Marrocco,[Deleted: ID 394],UPDATE,Details: Stay
2017/09/08 06:28,Kenneth Marrocco,[Deleted: ID 393],UPDATE,Details:
2017/09/08 06:28,Kenneth Marrocco,[Deleted: ID 389],UPDATE,Details:
2017/09/08 06:28,Kenneth Marrocco,[Deleted: ID 406],UPDATE,Details:
2017/09/08 06:19,Kenneth Marrocco,[Deleted: ID 397],UPDATE,Details:
2017/09/08 06:19,Kenneth Marrocco,528,UPDATE,Details:
2017/09/08 06:19,Kenneth Marrocco,[Deleted: ID 401],UPDATE,Details:
2017/09/07 09:01,Kenneth Marrocco,763,UPDATE,Details:
2017/09/07 09:01,Kenneth Marrocco,788,UPDATE,Details:
2017/09/07 09:01,Kenneth Marrocco,787,UPDATE,Details:
2017/09/07 09:01,Kenneth Marrocco,[Deleted: ID 401],UPDATE,Details: Zeta
2017/09/07 06:39,Kenneth Marrocco,762,UPDATE,Details: CS A
2017/09/07 06:39,Kenneth Marrocco,748,UPDATE,Details: CS B
2017/09/07 06:36,Kenneth Marrocco,526,UPDATE,Details: Chi
2017/09/07 06:36,Kenneth Marrocco,528,UPDATE,Details: Epsilon
2017/09/07 06:36,Kenneth Marrocco,[Deleted: ID 393],UPDATE,Details: Gamma
2017/09/07 06:34,Kenneth Marrocco,[Deleted: ID 406],UPDATE,Details: Delta
2017/09/07 06:33,Kenneth Marrocco,[Deleted: ID 397],UPDATE,Details: Beta
2017/09/07 06:33,Kenneth Marrocco,528,UPDATE,Details: Gamma
2017/09/07 06:33,Kenneth Marrocco,[Deleted: ID 394],UPDATE,Details: Alpha
2017/09/07 06:33,Kenneth Marrocco,[Deleted: ID 389],UPDATE,Details: Omega
2017/09/07 06:32,Kenneth Marrocco,[Deleted: ID 397],UPDATE,"Status: OK, Details: Gamma"
2017/09/07 06:32,Kenneth Marrocco,528,UPDATE,"Status: OK, Details: Beta"
2017/09/07 06:09,Kenneth Marrocco,763,UPDATE,Details: Stay
2017/09/07 06:09,Kenneth Marrocco,747,UPDATE,Details: CS C
2017/09/07 06:08,Kenneth Marrocco,788,UPDATE,Details: Zeta
2017/09/07 06:07,Kenneth Marrocco,[Deleted: ID 395],UPDATE,Details: Stay
2017/09/07 06:07,Kenneth Marrocco,763,UPDATE,Details:
2017/09/07 06:07,Kenneth Marrocco,748,UPDATE,Details:
2017/09/07 06:07,Kenneth Marrocco,747,UPDATE,Details:
2017/09/07 06:07,Kenneth Marrocco,788,UPDATE,Details:
2017/09/07 06:07,Kenneth Marrocco,787,UPDATE,Details: Stay
2017/09/07 06:07,Kenneth Marrocco,526,UPDATE,Details:
2017/09/07 06:07,Kenneth Marrocco,[Deleted: ID 395],UPDATE,Details:
2017/09/07 06:07,Kenneth Marrocco,[Deleted: ID 394],UPDATE,Details:
2017/09/07 06:07,Kenneth Marrocco,[Deleted: ID 391],UPDATE,"Status: OUT, Details:"
2017/09/07 06:07,Kenneth Marrocco,[Deleted: ID 389],UPDATE,Details:
2017/09/07 06:07,Kenneth Marrocco,[Deleted: ID 406],UPDATE,Details:
2017/09/07 06:05,Kenneth Marrocco,[Deleted: ID 397],UPDATE,Status: OUT
2017/09/07 06:05,Kenneth Marrocco,528,UPDATE,Status: OUT
2017/09/06 14:53,Raul Avalos,788,UPDATE,Details: Chi
2017/09/06 14:53,Raul Avalos,[Deleted: ID 397],UPDATE,Details: Biohazard
2017/09/06 14:53,Raul Avalos,528,UPDATE,Details: Biohazard
2017/09/06 14:53,Raul Avalos,[Deleted: ID 389],UPDATE,Details: Gamma
2017/09/06 14:53,Raul Avalos,[Deleted: ID 406],UPDATE,Details: Zeta
2017/09/06 13:22,Kenneth Marrocco,762,UPDATE,Details:
2017/09/06 13:22,Kenneth Marrocco,747,UPDATE,Details: CS C
2017/09/06 09:04,Kenneth Marrocco,788,UPDATE,"Status: OK, Details:"
2017/09/06 07:37,Kenneth Marrocco,788,UPDATE,"Status: OUT, Details: BIO"
2017/09/06 07:16,Kenneth Marrocco,763,UPDATE,Details: CS B
2017/09/06 07:16,Kenneth Marrocco,762,UPDATE,Details: CS C
2017/09/06 07:16,Kenneth Marrocco,748,UPDATE,Details: CS A
2017/09/06 07:16,Kenneth Marrocco,747,UPDATE,Details:
2017/09/06 07:16,Kenneth Marrocco,788,UPDATE,Details:
2017/09/06 07:16,Kenneth Marrocco,[Deleted: ID 393],UPDATE,Details:
2017/09/06 06:37,Kenneth Marrocco,526,UPDATE,Details: Epsilon
2017/09/06 06:37,Kenneth Marrocco,[Deleted: ID 394],UPDATE,Details: Delta
2017/09/06 06:36,Kenneth Marrocco,[Deleted: ID 396],UPDATE,Status: OUT
2017/09/06 06:34,Kenneth Marrocco,528,UPDATE,Details: Gamma
2017/09/06 06:33,Kenneth Marrocco,526,UPDATE,Details: Delta
2017/09/06 06:33,Kenneth Marrocco,[Deleted: ID 397],UPDATE,Details: Chi
2017/09/06 06:32,Kenneth Marrocco,[Deleted: ID 395],UPDATE,Details: Alpha
2017/09/06 06:31,Kenneth Marrocco,787,UPDATE,Details: Beta
2017/09/06 06:31,Kenneth Marrocco,[Deleted: ID 394],UPDATE,Details: Epsilon
2017/09/06 06:31,Kenneth Marrocco,[Deleted: ID 391],UPDATE,Details: Omega
2017/09/06 06:31,Kenneth Marrocco,[Deleted: ID 389],UPDATE,Details: Zeta
2017/09/06 06:15,Kenneth Marrocco,747,UPDATE,"Status: OK, Details: Stay"
2017/09/06 06:15,Kenneth Marrocco,788,UPDATE,Details: Stay
2017/09/06 06:15,Kenneth Marrocco,[Deleted: ID 393],UPDATE,Details: Stay
2017/09/06 06:15,Kenneth Marrocco,[Deleted: ID 394],UPDATE,Status: OK
2017/09/06 06:15,Kenneth Marrocco,[Deleted: ID 389],UPDATE,Status: OK
2017/09/06 06:14,Kenneth Marrocco,[Deleted: ID 392],UPDATE,Details: Training
2017/09/06 06:14,Kenneth Marrocco,763,UPDATE,Details:
2017/09/06 06:14,Kenneth Marrocco,762,UPDATE,Details:
2017/09/06 06:14,Kenneth Marrocco,747,UPDATE,"Status: OUT, Details:"
2017/09/06 06:14,Kenneth Marrocco,788,UPDATE,Details:
2017/09/06 06:14,Kenneth Marrocco,787,UPDATE,Details:
2017/09/06 06:14,Kenneth Marrocco,[Deleted: ID 397],UPDATE,Details:
2017/09/06 06:14,Kenneth Marrocco,528,UPDATE,Details:
2017/09/06 06:14,Kenneth Marrocco,[Deleted: ID 401],UPDATE,Details:
2017/09/06 06:14,Kenneth Marrocco,526,UPDATE,Details:
2017/09/06 06:14,Kenneth Marrocco,[Deleted: ID 395],UPDATE,Details:
2017/09/06 06:14,Kenneth Marrocco,[Deleted: ID 393],UPDATE,Details:
2017/09/06 06:14,Kenneth Marrocco,[Deleted: ID 406],UPDATE,Details:
2017/09/05 20:09,Yonatan Hammerman,[Deleted: ID 401],UPDATE,Details: Training
2017/09/05 10:40,Kenneth Marrocco,[Deleted: ID 396],UPDATE,Status: OK
2017/09/05 07:23,Kenneth Marrocco,763,UPDATE,Details: CS B
2017/09/05 07:23,Kenneth Marrocco,762,UPDATE,Details: CS C
2017/09/05 07:23,Kenneth Marrocco,747,UPDATE,Details: CS A
2017/09/05 06:43,Kenneth Marrocco,528,UPDATE,Details: Delta
2017/09/05 06:43,Kenneth Marrocco,[Deleted: ID 395],UPDATE,Details: Zeta
2017/09/05 06:43,Kenneth Marrocco,[Deleted: ID 391],UPDATE,Details:
2017/09/05 06:43,Kenneth Marrocco,[Deleted: ID 406],UPDATE,Details: Omega
2017/09/05 06:34,Kenneth Marrocco,787,UPDATE,Details: Chi
2017/09/05 06:34,Kenneth Marrocco,526,UPDATE,Details: Epsilon
2017/09/05 06:07,Kenneth Marrocco,787,UPDATE,Details: Epsilon
2017/09/05 06:06,Kenneth Marrocco,788,UPDATE,Details: Alpha
2017/09/05 06:06,Kenneth Marrocco,526,UPDATE,Details: Chi
2017/09/05 06:06,Kenneth Marrocco,[Deleted: ID 393],UPDATE,Details: Gamma
2017/09/05 06:06,Kenneth Marrocco,[Deleted: ID 391],UPDATE,Details: Omega
2017/09/05 06:06,Kenneth Marrocco,[Deleted: ID 406],UPDATE,Details: Delta
2017/09/05 06:02,Kenneth Marrocco,788,UPDATE,Status: OK
2017/09/05 06:01,Kenneth Marrocco,787,UPDATE,Details:
2017/09/05 06:01,Kenneth Marrocco,[Deleted: ID 397],UPDATE,Details: Beta
2017/09/05 06:01,Kenneth Marrocco,528,UPDATE,Details:
2017/09/05 06:01,Kenneth Marrocco,[Deleted: ID 401],UPDATE,Details:
2017/09/05 06:01,Kenneth Marrocco,526,UPDATE,Details:
2017/09/05 06:01,Kenneth Marrocco,[Deleted: ID 395],UPDATE,Details:
2017/09/05 06:01,Kenneth Marrocco,[Deleted: ID 393],UPDATE,Details:
2017/09/05 05:36,Kenneth Marrocco,763,UPDATE,Details:
2017/09/05 05:36,Kenneth Marrocco,762,UPDATE,Details:
2017/09/05 05:36,Kenneth Marrocco,747,UPDATE,Details:
2017/09/05 05:35,Kenneth Marrocco,[Deleted: ID 391],UPDATE,"Status: OK, Details:"
2017/09/04 19:20,Glenell Jaquez,787,UPDATE,Details: BioHazard
2017/09/04 19:20,Glenell Jaquez,[Deleted: ID 401],UPDATE,Details: Delta
2017/09/04 02:41,Yonatan Hammerman,[Deleted: ID 397],UPDATE,Details:
2017/09/04 02:41,Yonatan Hammerman,526,UPDATE,Details: Epsilon
2017/09/03 09:36,Naveed Tariq,528,UPDATE,Details: Beta
2017/09/03 09:36,Naveed Tariq,[Deleted: ID 391],UPDATE,"Status: OUT, Details: Leaking Engine Oil/Low Engine Oil"
2017/09/03 08:26,Naveed Tariq,787,UPDATE,Details: Delta
2017/09/03 08:26,Naveed Tariq,[Deleted: ID 397],UPDATE,Details: Epsilon
2017/09/03 08:26,Naveed Tariq,528,UPDATE,Details:
2017/09/03 08:26,Naveed Tariq,[Deleted: ID 393],UPDATE,Details: Alpha
2017/09/03 08:26,Naveed Tariq,[Deleted: ID 391],UPDATE,Details: Beta
2017/09/03 08:10,Naveed Tariq,528,UPDATE,Details: Alpha
2017/09/03 08:10,Naveed Tariq,[Deleted: ID 391],UPDATE,Details:
2017/09/02 08:40,Jessica Deturris,787,UPDATE,Status: OK
2017/09/02 08:40,Jessica Deturris,[Deleted: ID 401],UPDATE,Details:
2017/09/02 08:40,Jessica Deturris,[Deleted: ID 395],UPDATE,Details: Chi
2017/09/02 08:35,Jessica Deturris,788,UPDATE,Details:
2017/09/02 08:35,Jessica Deturris,787,UPDATE,Details: Epsilon
2017/09/02 08:35,Jessica Deturris,[Deleted: ID 397],UPDATE,Details: Delta
2017/09/02 08:35,Jessica Deturris,528,UPDATE,Details:
2017/09/02 08:35,Jessica Deturris,526,UPDATE,"Status: OK, Details:"
2017/09/02 08:35,Jessica Deturris,[Deleted: ID 395],UPDATE,Details:
2017/09/02 08:35,Jessica Deturris,[Deleted: ID 393],UPDATE,Details: Beta
2017/09/02 08:35,Jessica Deturris,[Deleted: ID 391],UPDATE,Details: Alpha
2017/09/02 08:35,Jessica Deturris,[Deleted: ID 406],UPDATE,"Status: OK, Details:"
2017/09/02 02:37,Christopher Block,[Deleted: ID 397],UPDATE,Details:
2017/09/02 02:37,Christopher Block,[Deleted: ID 395],UPDATE,Details: Beta
2017/09/02 02:37,Christopher Block,[Deleted: ID 391],UPDATE,Details:
2017/09/02 02:34,Christopher Block,526,UPDATE,"Status: OUT, Details: Biohazard"
2017/09/02 02:17,Christopher Block,528,UPDATE,Details: Epsilon
2017/09/02 02:17,Christopher Block,[Deleted: ID 401],UPDATE,Details: Chi