Owner,Date,Day,Block,Time,Value,Details,Notes
Jorge Fernando Flores,2017/09/11,Monday,Sunrise Pre-trip ALPHA,6:30 AM-7:00 AM,0.5,details,
Reece Pyankaroo,2017/09/11,Monday,Sunrise Pre-trip BETA,6:30 AM-7:00 AM,0.5,details,
Victor Santana Aguilera,2017/09/11,Monday,Sunrise Pre-trip CHI,6:30 AM-7:00 AM,0.5,details,
Jessica Deturris,2017/09/11,Monday,Sunrise Pre-trip CS A,6:30 AM-7:00 AM,0.5,details,Permanent owner: Michelle Cheng.
Thomas Burns,2017/09/11,Monday,Sunrise Pre-trip OMEGA,6:30 AM-7:00 AM,0.5,details,
Michelle Cheng,2017/09/11,Monday,Sunrise Pre-trip DELTA,6:45 AM-7:15 AM,0.5,details,Permanent owner: Shenandoah Graiser.
Pedro Cordero,2017/09/11,Monday,Sunrise Pre-trip EPSILON,6:45 AM-7:15 AM,0.5,details,
Brian Chambers-Graham,2017/09/11,Monday,Lift I,7:00 AM-9:30 AM,2.5,details,
Jorge Fernando Flores,2017/09/11,Monday,Sunrise ALPHA,7:00 AM-8:45 AM,1.75,details,
Reece Pyankaroo,2017/09/11,Monday,Sunrise BETA,7:00 AM-8:40 AM,1.67,details,
Victor Santana Aguilera,2017/09/11,Monday,Sunrise CHI,7:00 AM-9:00 AM,2,details,
Jessica Deturris,2017/09/11,Monday,Sunrise CS A,7:00 AM-9:00 AM,2,details,Unapproved. Permanent owner: Michelle Cheng.
Thomas Burns,2017/09/11,Monday,Sunrise OMEGA,7:00 AM-9:00 AM,2,details,
Corbin Hargadon,2017/09/11,Monday,Sunrise Pre-trip CS B,7:00 AM-7:30 AM,0.5,details,
Gaddi Eshun,2017/09/11,Monday,Sunrise Pre-trip CS C,7:00 AM-7:30 AM,0.5,details,
Daniel Asante,2017/09/11,Monday,Sunrise Pre-trip GAMMA,7:00 AM-7:30 AM,0.5,details,
Janine Alto,2017/09/11,Monday,Sunrise Pre-trip ZETA,7:00 AM-7:30 AM,0.5,details,Permanent owner: Sabine Petit-Frere.
Jessica Deturris,2017/09/11,Monday,Sunrise CS A Partial 1,7:00 AM-8:30 AM,1.5,details,
Michelle Cheng,2017/09/11,Monday,Sunrise DELTA,7:15 AM-8:30 AM,1.25,details,Permanent owner: Shenandoah Graiser.
Pedro Cordero,2017/09/11,Monday,Sunrise EPSILON,7:15 AM-8:30 AM,1.25,details,
Corbin Hargadon,2017/09/11,Monday,Sunrise CS B,7:30 AM-9:15 AM,1.75,details,
Gaddi Eshun,2017/09/11,Monday,Sunrise CS C,7:30 AM-9:30 AM,2,details,
Daniel Asante,2017/09/11,Monday,Sunrise GAMMA,7:30 AM-9:00 AM,1.5,details,
Janine Alto,2017/09/11,Monday,Sunrise ZETA,7:30 AM-9:30 AM,2,details,Permanent owner: Sabine Petit-Frere.
Christopher Block,2017/09/11,Monday,Training with Dana,7:30 AM-10:30 AM,3,details,
Omer Atasever,2017/09/11,Monday,AM DELTA,8:30 AM-10:30 AM,2,details,Permanent owner: Shenandoah Graiser.
Pedro Cordero,2017/09/11,Monday,AM EPSILON,8:30 AM-10:15 AM,1.75,details,
Michelle Cheng,2017/09/11,Monday,Sunrise CS A Partial 2,8:30 AM-9:00 AM,0.5,details,
Reece Pyankaroo,2017/09/11,Monday,AM BETA,8:40 AM-10:30 AM,1.83,details,
Jorge Fernando Flores,2017/09/11,Monday,AM ALPHA,8:45 AM-10:40 AM,1.92,details,
Victor Santana Aguilera,2017/09/11,Monday,AM CHI,9:00 AM-10:30 AM,1.5,details,
Administrator,2017/09/11,Monday,AM CS A,9:00 AM-11:00 AM,2,details,Unapproved.
Daniel Asante,2017/09/11,Monday,AM GAMMA,9:00 AM-11:00 AM,2,details,
Paul Annunziata,2017/09/11,Monday,AM OMEGA,9:00 AM-11:00 AM,2,details,
Michelle Cheng,2017/09/11,Monday,AM CS A Partial 1,9:00 AM-9:15 AM,0.25,details,
Corbin Hargadon,2017/09/11,Monday,AM CS B,9:15 AM-11:15 AM,2,details,
Administrator,2017/09/11,Monday,AM CS A Partial 2,9:15 AM-11:00 AM,1.75,details,Unapproved.
Administrator,2017/09/11,Monday,AM CS A Partial 2,9:15 AM-9:45 AM,0.5,details,Unapproved.
Kyle Hussong,2017/09/11,Monday,AM CS C,9:30 AM-11:30 AM,2,details,
Deborah Musselman,2017/09/11,Monday,AM ZETA,9:30 AM-11:30 AM,2,details,
Brian Chambers-Graham,2017/09/11,Monday,Lift II,9:30 AM-11:45 AM,2.25,details,
Sean Kaplan,2017/09/11,Monday,AM CS A Partial 3,9:45 AM-10:30 AM,0.75,details,
Harrison Kaye,2017/09/11,Monday,Mid EPSILON,10:15 AM-12:30 PM,2.25,details,
Reece Pyankaroo,2017/09/11,Monday,Mid BETA,10:30 AM-12:30 PM,2,details,
Victor Santana Aguilera,2017/09/11,Monday,Mid CHI,10:30 AM-12:30 PM,2,details,
Owen Klepfer,2017/09/11,Monday,Mid DELTA,10:30 AM-12:00 PM,1.5,details,
Omer Atasever,2017/09/11,Monday,Mid ALPHA,10:40 AM-12:15 PM,1.58,details,Permanent owner: Administrator.
Naveed Tariq,2017/09/11,Monday,Mid CS A,11:00 AM-1:00 PM,2,details,
Adrian Antonio,2017/09/11,Monday,Mid GAMMA,11:00 AM-1:00 PM,2,details,
Daniel Asante,2017/09/11,Monday,Mid OMEGA,11:00 AM-1:00 PM,2,details,
Anna Sirota,2017/09/11,Monday,Mid CS B,11:15 AM-1:30 PM,2.25,details,
Kyle Hussong,2017/09/11,Monday,Mid CS C,11:30 AM-1:20 PM,1.83,details,
Christina Fuller,2017/09/11,Monday,Mid ZETA,11:30 AM-1:20 PM,1.83,details,
Brian Chambers-Graham,2017/09/11,Monday,Lift III,11:45 AM-1:30 PM,1.75,details,
Michelle Cheng,2017/09/11,Monday,Noon DELTA,12:00 PM-2:30 PM,2.5,details,
Yonatan Hammerman,2017/09/11,Monday,Noon ALPHA,12:15 PM-2:30 PM,2.25,details,
Nicholas Fantanza,2017/09/11,Monday,Noon BETA,12:30 PM-2:00 PM,1.5,details,
Mackenzie Donner,2017/09/11,Monday,Noon CHI,12:30 PM-2:15 PM,1.75,details,
Harrison Kaye,2017/09/11,Monday,Noon EPSILON,12:30 PM-3:00 PM,2.5,details,
Jeffrey Goldberg,2017/09/11,Monday,Noon CS A,1:00 PM-3:00 PM,2,details,
Adrian Antonio,2017/09/11,Monday,Noon GAMMA,1:00 PM-3:00 PM,2,details,
Travis Allen,2017/09/11,Monday,Noon OMEGA,1:00 PM-3:00 PM,2,details,
Brian Chambers-Graham,2017/09/11,Monday,Lift IV,1:30 PM-4:00 PM,2.5,details,
Kylie Mawn,2017/09/11,Monday,Noon CS B,1:30 PM-3:30 PM,2,details,
Kyle Hussong,2017/09/11,Monday,Afternoon BETA,2:00 PM-4:15 PM,2.25,details,
Omer Atasever,2017/09/11,Monday,Afternoon CHI,2:15 PM-4:30 PM,2.25,details,
Yonatan Hammerman,2017/09/11,Monday,Afternoon ALPHA,2:30 PM-4:45 PM,2.25,details,
Mathew Reed,2017/09/11,Monday,Afternoon DELTA,2:30 PM-4:30 PM,2,details,
Bruce Edington,2017/09/11,Monday,Afternoon CS A,3:00 PM-5:00 PM,2,details,
Deborah Musselman,2017/09/11,Monday,Afternoon EPSILON,3:00 PM-5:00 PM,2,details,
Sean Kaplan,2017/09/11,Monday,Afternoon GAMMA,3:00 PM-5:00 PM,2,details,
Travis Allen,2017/09/11,Monday,Afternoon OMEGA,3:00 PM-5:00 PM,2,details,
Nicholas Fantanza,2017/09/11,Monday,Afternoon CS B,3:30 PM-5:30 PM,2,details,
Zachary Tepfenhart,2017/09/11,Monday,Afternoon CS C,3:30 PM-6:00 PM,2.5,details,Permanent owner: Carolina Benitez.
Brian Chambers-Graham,2017/09/11,Monday,Lift V,4:00 PM-7:00 PM,3,details,
Christina Fuller,2017/09/11,Monday,Sunset ZETA,4:00 PM-7:00 PM,3,details,
Haley Simmons,2017/09/11,Monday,Sunset BETA,4:15 PM-6:45 PM,2.5,details,
Kyle Hussong,2017/09/11,Monday,Sunset CHI,4:30 PM-7:00 PM,2.5,details,
Patrick Curran,2017/09/11,Monday,Sunset DELTA,4:30 PM-7:00 PM,2.5,details,
Mathew Reed,2017/09/11,Monday,Training with Casey,4:30 PM-7:30 PM,3,details,
Omer Atasever,2017/09/11,Monday,Sunset ALPHA,4:45 PM-7:00 PM,2.25,details,
Christopher Block,2017/09/11,Monday,Dispatch I,5:00 PM-9:00 PM,4,details,
Bruce Edington,2017/09/11,Monday,Sunset CS A,5:00 PM-7:00 PM,2,details,
Jessica Deturris,2017/09/11,Monday,Sunset EPSILON,5:00 PM-7:15 PM,2.25,details,Permanent owner: Administrator.
Sean Kaplan,2017/09/11,Monday,Sunset GAMMA,5:00 PM-7:30 PM,2.5,details,
Yonatan Hammerman,2017/09/11,Monday,Sunset OMEGA,5:00 PM-7:00 PM,2,details,
Owen Klepfer,2017/09/11,Monday,Sunset CS B,5:30 PM-7:30 PM,2,details,
Mack Conan,2017/09/11,Monday,Sunset CS C,6:00 PM-8:00 PM,2,details,
Haley Simmons,2017/09/11,Monday,PM BETA,6:45 PM-9:00 PM,2.25,details,
Daniel Rozhkov,2017/09/11,Monday,PM ALPHA,7:00 PM-9:00 PM,2,details,
Harrison Kaye,2017/09/11,Monday,PM ZETA,7:00 PM-10:05 PM,3.08,details,Permanent owner: Chloe Roth.
Gaddi Eshun,2017/09/11,Monday,PM CHI,7:00 PM-10:00 PM,3,details,Permanent owner: Administrator.
Samuel Chosak,2017/09/11,Monday,PM DELTA,7:00 PM-10:05 PM,3.08,details,
Jenny Yakir,2017/09/11,Monday,PM OMEGA,7:00 PM-9:00 PM,2,details,
Franklin Roosa,2017/09/11,Monday,PM EPSILON,7:15 PM-9:45 PM,2.5,details,
Mathew Reed,2017/09/11,Monday,Extra Training with Casey,7:30 PM-8:30 PM,1,details,
Kevin Giacchetto,2017/09/11,Monday,PM CS B,7:30 PM-9:30 PM,2,details,
David Owusu,2017/09/11,Monday,PM GAMMA,7:30 PM-10:30 PM,3,details,
Timothy Akaka,2017/09/11,Monday,PM CS C,8:00 PM-10:00 PM,2,details,
Mathew Reed,2017/09/11,Monday,Dispatch II,9:00 PM-1:00 AM,4,details,
Philip Guinto,2017/09/11,Monday,Eve ALPHA,9:00 PM-11:20 PM,2.33,details,
Michael Konchan,2017/09/11,Monday,Eve BETA,9:00 PM-11:20 PM,2.33,details,
Peter DiSalvo,2017/09/11,Monday,Eve OMEGA,9:00 PM-11:20 PM,2.33,details,
Kevin Giacchetto,2017/09/11,Monday,Eve CS B,9:30 PM-11:20 PM,1.83,details,
Franklin Roosa,2017/09/11,Monday,Eve EPSILON,9:45 PM-1:00 AM,3.25,details,
Anthony Ivanov,2017/09/11,Monday,Eve CHI,10:00 PM-12:30 AM,2.5,details,
Timothy Akaka,2017/09/11,Monday,Eve CS C,10:00 PM-1:00 AM,3,details,
Deborah Musselman,2017/09/11,Monday,Eve DELTA,10:15 PM-1:00 AM,2.75,details,
David Owusu,2017/09/11,Monday,Eve GAMMA,10:30 PM-1:00 AM,2.5,details,
Harrison Kaye,2017/09/11,Monday,Trainers Meeting,10:30 PM-11:30 PM,1,details,
Yonatan Hammerman,2017/09/11,Monday,Trainers Meeting,10:30 PM-11:30 PM,1,details,
Janine Alto,2017/09/11,Monday,Trainers Meeting,10:30 PM-11:30 PM,1,details,
Jessica Deturris,2017/09/11,Monday,Trainers Meeting,10:30 PM-11:30 PM,1,details,
Christopher Block,2017/09/11,Monday,Trainers Meeting,10:30 PM-11:30 PM,1,details,
Keanna Julien,2017/09/11,Monday,Trainers Meeting,10:30 PM-11:30 PM,1,details,
Keanna Julien,2017/09/12,Tuesday,Sunrise Pre-trip ALPHA,6:30 AM-7:00 AM,0.5,details,
Reece Pyankaroo,2017/09/12,Tuesday,Sunrise Pre-trip BETA,6:30 AM-7:00 AM,0.5,details,
Victor Santana Aguilera,2017/09/12,Tuesday,Sunrise Pre-trip CHI,6:30 AM-7:00 AM,0.5,details,
Jessica Deturris,2017/09/12,Tuesday,Sunrise Pre-trip CS A,6:30 AM-7:00 AM,0.5,details,Permanent owner: Alexander Fritz.
Shenandoah Graiser,2017/09/12,Tuesday,Sunrise Pre-trip OMEGA,6:30 AM-7:00 AM,0.5,details,
Daniel Asante,2017/09/12,Tuesday,Sunrise Pre-trip DELTA,6:45 AM-7:15 AM,0.5,details,
Pedro Cordero,2017/09/12,Tuesday,Sunrise Pre-trip EPSILON,6:45 AM-7:15 AM,0.5,details,
Peter Guzewich,2017/09/12,Tuesday,Lift I,7:00 AM-9:30 AM,2.5,details,Unapproved.
Keanna Julien,2017/09/12,Tuesday,Sunrise ALPHA,7:00 AM-8:45 AM,1.75,details,
Reece Pyankaroo,2017/09/12,Tuesday,Sunrise BETA,7:00 AM-8:40 AM,1.67,details,
Victor Santana Aguilera,2017/09/12,Tuesday,Sunrise CHI,7:00 AM-9:00 AM,2,details,
Kyle Hussong,2017/09/12,Tuesday,Sunrise CS A,7:00 AM-9:00 AM,2,details,Permanent owner: Alexander Fritz.
Shenandoah Graiser,2017/09/12,Tuesday,Sunrise OMEGA,7:00 AM-9:00 AM,2,details,
Mack Conan,2017/09/12,Tuesday,Sunrise Pre-trip CS B,7:00 AM-7:30 AM,0.5,details,Permanent owner: Christopher Block.
Gaddi Eshun,2017/09/12,Tuesday,Sunrise Pre-trip CS C,7:00 AM-7:30 AM,0.5,details,Permanent owner: Thomas Burns.
Samantha Cermak,2017/09/12,Tuesday,Sunrise Pre-trip GAMMA,7:00 AM-7:30 AM,0.5,details,
Thomas Burns,2017/09/12,Tuesday,Sunrise Pre-trip ZETA,7:00 AM-7:30 AM,0.5,details,Permanent owner: Gaddi Eshun.
Peter Guzewich,2017/09/12,Tuesday,"Lift I, Partial 1",7:00 AM-7:15 AM,0.25,details,
Harrison Kaye,2017/09/12,Tuesday,Dispatch Meeting,7:15 AM-8:00 AM,0.75,details,
Daniel Asante,2017/09/12,Tuesday,Sunrise DELTA,7:15 AM-8:30 AM,1.25,details,
Pedro Cordero,2017/09/12,Tuesday,Sunrise EPSILON,7:15 AM-8:30 AM,1.25,details,
Yonatan Hammerman,2017/09/12,Tuesday,Dispatch Meeting,7:15 AM-8:00 AM,0.75,details,
Janine Alto,2017/09/12,Tuesday,Dispatch Meeting,7:15 AM-8:00 AM,0.75,details,
Peter Guzewich,2017/09/12,Tuesday,Dispatch Meeting,7:15 AM-8:00 AM,0.75,details,
Naveed Tariq,2017/09/12,Tuesday,Dispatch Meeting,7:15 AM-8:00 AM,0.75,details,
Jessica Deturris,2017/09/12,Tuesday,Dispatch Meeting,7:15 AM-8:00 AM,0.75,details,
Adrian Antonio,2017/09/12,Tuesday,Dispatch Meeting,7:15 AM-8:00 AM,0.75,details,
Mathew Reed,2017/09/12,Tuesday,Dispatch Meeting,7:15 AM-8:00 AM,0.75,details,
Mack Conan,2017/09/12,Tuesday,Sunrise CS B,7:30 AM-9:15 AM,1.75,details,Permanent owner: Christopher Block.
Gaddi Eshun,2017/09/12,Tuesday,Sunrise CS C,7:30 AM-9:30 AM,2,details,Permanent owner: Thomas Burns.
Samantha Cermak,2017/09/12,Tuesday,Sunrise GAMMA,7:30 AM-9:00 AM,1.5,details,
Thomas Burns,2017/09/12,Tuesday,Sunrise ZETA,7:30 AM-9:30 AM,2,details,Permanent owner: Gaddi Eshun.
Christopher Block,2017/09/12,Tuesday,Training with Nana,7:30 AM-10:30 AM,3,details,
Peter Guzewich,2017/09/12,Tuesday,"Lift I, Partial 2",8:00 AM-9:30 AM,1.5,details,
Daniel Asante,2017/09/12,Tuesday,AM DELTA,8:30 AM-10:30 AM,2,details,
Pedro Cordero,2017/09/12,Tuesday,AM EPSILON,8:30 AM-10:15 AM,1.75,details,
Reece Pyankaroo,2017/09/12,Tuesday,AM BETA,8:40 AM-10:30 AM,1.83,details,
Keanna Julien,2017/09/12,Tuesday,AM ALPHA,8:45 AM-10:40 AM,1.92,details,
Victor Santana Aguilera,2017/09/12,Tuesday,AM CHI,9:00 AM-10:30 AM,1.5,details,
Mackenzie Donner,2017/09/12,Tuesday,AM CS A,9:00 AM-11:00 AM,2,details,Permanent owner: Alexander Fritz.
Samantha Cermak,2017/09/12,Tuesday,AM GAMMA,9:00 AM-11:00 AM,2,details,
Shenandoah Graiser,2017/09/12,Tuesday,am omega partial 1,9:00 AM-9:40 AM,0.67,details,
Administrator,2017/09/12,Tuesday,AM CS B,9:15 AM-11:15 AM,2,details,Permanent owner: Christopher Block.
Yonatan Hammerman,2017/09/12,Tuesday,AM CS B Partial 1,9:15 AM-10:30 AM,1.25,details,
Brian Warm,2017/09/12,Tuesday,AM CS C,9:30 AM-11:30 AM,2,details,
Kyle Hussong,2017/09/12,Tuesday,AM ZETA,9:30 AM-11:30 AM,2,details,
Peter Guzewich,2017/09/12,Tuesday,Lift II,9:30 AM-11:45 AM,2.25,details,
Sean Kaplan,2017/09/12,Tuesday,AM Omega Partial 2,9:40 AM-11:00 AM,1.33,details,
Bruce Edington,2017/09/12,Tuesday,Mid EPSILON,10:15 AM-12:30 PM,2.25,details,
Reece Pyankaroo,2017/09/12,Tuesday,Mid BETA,10:30 AM-12:30 PM,2,details,
Victor Santana Aguilera,2017/09/12,Tuesday,Mid CHI,10:30 AM-12:30 PM,2,details,
Daniel Asante,2017/09/12,Tuesday,Mid DELTA,10:30 AM-12:00 PM,1.5,details,
Janine Alto,2017/09/12,Tuesday,Training with Emily,10:30 AM-1:30 PM,3,details,
Keanna Julien,2017/09/12,Tuesday,AM CS B Partial 2,10:40 AM-11:15 AM,0.58,details,
Yonatan Hammerman,2017/09/12,Tuesday,Mid ALPHA,10:40 AM-12:15 PM,1.58,details,
Travis Allen,2017/09/12,Tuesday,Mid CS A,11:00 AM-1:00 PM,2,details,
Shaun Madsen,2017/09/12,Tuesday,Mid GAMMA,11:00 AM-1:00 PM,2,details,Permanent owner: Administrator.
Zachary Galluzzo,2017/09/12,Tuesday,Mid OMEGA,11:00 AM-1:00 PM,2,details,
Sean Kaplan,2017/09/12,Tuesday,Mid CS B,11:15 AM-1:30 PM,2.25,details,Permanent owner: Administrator.
Samuel Chosak,2017/09/12,Tuesday,Mid CS C,11:30 AM-1:20 PM,1.83,details,
Thomas Burns,2017/09/12,Tuesday,Mid ZETA,11:30 AM-1:20 PM,1.83,details,
Peter Guzewich,2017/09/12,Tuesday,Lift III,11:45 AM-1:30 PM,1.75,details,
Anna Sirota,2017/09/12,Tuesday,Noon DELTA,12:00 PM-2:30 PM,2.5,details,
Maya Jones,2017/09/12,Tuesday,Noon ALPHA,12:15 PM-2:30 PM,2.25,details,
Jessica Deturris,2017/09/12,Tuesday,Noon Chi Partial 1,12:30 PM-1:30 PM,1,details,
Amy Merke,2017/09/12,Tuesday,Noon BETA,12:30 PM-2:00 PM,1.5,details,
Administrator,2017/09/12,Tuesday,Noon CHI,12:30 PM-2:15 PM,1.75,details,Unapproved.
Daniel Asante,2017/09/12,Tuesday,Noon EPSILON,12:30 PM-3:00 PM,2.5,details,
Paul Annunziata,2017/09/12,Tuesday,Noon CS A,1:00 PM-3:00 PM,2,details,
Travis Allen,2017/09/12,Tuesday,Noon GAMMA,1:00 PM-3:00 PM,2,details,
Zachary Tepfenhart,2017/09/12,Tuesday,Noon OMEGA,1:00 PM-3:00 PM,2,details,
Thomas Burns,2017/09/12,Tuesday,Zeta Extra Time,1:20 PM-2:40 PM,1.33,details,
Patrick Curran,2017/09/12,Tuesday,Lift IV,1:30 PM-4:00 PM,2.5,details,
Mack Conan,2017/09/12,Tuesday,Noon CS B,1:30 PM-3:30 PM,2,details,
Lillian Harrington,2017/09/12,Tuesday,Noon Chi Partial 2,1:30 PM-2:15 PM,0.75,details,
Amy Merke,2017/09/12,Tuesday,Afternoon BETA,2:00 PM-4:15 PM,2.25,details,
Victor Santana Aguilera,2017/09/12,Tuesday,Training with Ted,2:00 PM-4:00 PM,2,details,
Qiming Zou,2017/09/12,Tuesday,Training with Victor,2:00 PM-4:00 PM,2,details,
Harrison Kaye,2017/09/12,Tuesday,Afternoon CHI,2:15 PM-4:30 PM,2.25,details,
Anthony Ivanov,2017/09/12,Tuesday,Afternoon ALPHA,2:30 PM-4:45 PM,2.25,details,
Nicolas Marjolin,2017/09/12,Tuesday,Afternoon DELTA,2:30 PM-4:30 PM,2,details,
Christina Fuller,2017/09/12,Tuesday,Afternoon CS A,3:00 PM-5:00 PM,2,details,
Haley Simmons,2017/09/12,Tuesday,Afternoon EPSILON,3:00 PM-5:00 PM,2,details,
Zachary Tepfenhart,2017/09/12,Tuesday,Afternoon GAMMA,3:00 PM-5:00 PM,2,details,
Paul Annunziata,2017/09/12,Tuesday,Afternoon OMEGA,3:00 PM-5:00 PM,2,details,
Jeffrey Goldberg,2017/09/12,Tuesday,Afternoon CS B,3:30 PM-5:30 PM,2,details,
Carolina Benitez,2017/09/12,Tuesday,Afternoon CS C,3:30 PM-6:00 PM,2.5,details,
Glenell Jaquez,2017/09/12,Tuesday,Lift V,4:00 PM-7:00 PM,3,details,
Timothy Akaka,2017/09/12,Tuesday,Sunset ZETA,4:00 PM-7:00 PM,3,details,
Brenden Faherty,2017/09/12,Tuesday,Sunset BETA,4:15 PM-6:45 PM,2.5,details,
Adrian Antonio,2017/09/12,Tuesday,Sunset CHI,4:30 PM-7:00 PM,2.5,details,
Maya Jones,2017/09/12,Tuesday,Sunset DELTA,4:30 PM-7:00 PM,2.5,details,Permanent owner: Administrator.
Qiming Zou,2017/09/12,Tuesday,Sunset ALPHA,4:45 PM-7:00 PM,2.25,details,Permanent owner: Ben Su.
Shenandoah Graiser,2017/09/12,Tuesday,Dispatch I,5:00 PM-9:00 PM,4,details,
James Zihal,2017/09/12,Tuesday,Sunset CS A,5:00 PM-7:00 PM,2,details,
Haley Simmons,2017/09/12,Tuesday,Sunset EPSILON,5:00 PM-7:15 PM,2.25,details,
Christina Fuller,2017/09/12,Tuesday,Sunset GAMMA,5:00 PM-7:30 PM,2.5,details,
Jessica Deturris,2017/09/12,Tuesday,Sunset OMEGA,5:00 PM-7:00 PM,2,details,Permanent owner: Administrator.
Peter DiSalvo,2017/09/12,Tuesday,Sunset CS B,5:30 PM-7:30 PM,2,details,
Joanna Lojo,2017/09/12,Tuesday,Sunset CS C,6:00 PM-8:00 PM,2,details,Unapproved.
Daniel Rozhkov,2017/09/12,Tuesday,PM BETA,6:45 PM-9:00 PM,2.25,details,Permanent owner: Kyle Hussong.
Gaddi Eshun,2017/09/12,Tuesday,PM ALPHA,7:00 PM-9:00 PM,2,details,
Timothy Akaka,2017/09/12,Tuesday,PM ZETA,7:00 PM-10:05 PM,3.08,details,
Glenell Jaquez,2017/09/12,Tuesday,Lift VI,7:00 PM-10:00 PM,3,details,
Marvel Tranquille,2017/09/12,Tuesday,PM CHI,7:00 PM-10:00 PM,3,details,
Philip Guinto,2017/09/12,Tuesday,PM DELTA,7:00 PM-10:05 PM,3.08,details,
Maya Jones,2017/09/12,Tuesday,PM OMEGA,7:00 PM-9:00 PM,2,details,Permanent owner: Administrator.
Kevin Giacchetto,2017/09/12,Tuesday,PM EPSILON,7:15 PM-9:45 PM,2.5,details,
Zachary Tepfenhart,2017/09/12,Tuesday,PM CS B,7:30 PM-9:30 PM,2,details,
David Owusu,2017/09/12,Tuesday,PM GAMMA,7:30 PM-10:30 PM,3,details,
Janine Alto,2017/09/12,Tuesday,Training with Natan,7:30 PM-10:30 PM,3,details,Permanent owner: Alexander Fritz.
Bruce Edington,2017/09/12,Tuesday,PM CS C,8:00 PM-10:00 PM,2,details,
Naveed Tariq,2017/09/12,Tuesday,Dispatch II,9:00 PM-1:00 AM,4,details,Unapproved.
Franklin Roosa,2017/09/12,Tuesday,Eve ALPHA,9:00 PM-11:20 PM,2.33,details,Permanent owner: Deborah Musselman.
Samuel Chosak,2017/09/12,Tuesday,Eve BETA,9:00 PM-11:20 PM,2.33,details,
Thomas Burns,2017/09/12,Tuesday,Eve OMEGA,9:00 PM-11:20 PM,2.33,details,Permanent owner: Chloe Roth.
Naveed Tariq,2017/09/12,Tuesday,Dispatch II Partial 1,9:00 PM-10:00 PM,1,details,
Mack Conan,2017/09/12,Tuesday,Eve CS B,9:30 PM-11:20 PM,1.83,details,
Kevin Giacchetto,2017/09/12,Tuesday,Eve EPSILON,9:45 PM-1:00 AM,3.25,details,
Naveed Tariq,2017/09/12,Tuesday,Eve CHI,10:00 PM-12:30 AM,2.5,details,Permanent owner: Administrator.
Anthony Ivanov,2017/09/12,Tuesday,Eve CS C,10:00 PM-1:00 AM,3,details,
Bruce Edington,2017/09/12,Tuesday,Eve DELTA,10:15 PM-1:00 AM,2.75,details,
David Owusu,2017/09/12,Tuesday,Eve GAMMA,10:30 PM-1:00 AM,2.5,details,
Yonatan Hammerman,2017/09/12,Tuesday,Dispatch II - Partial II,11:00 PM-1:00 AM,2,details,
Yonatan Hammerman,2017/09/13,Wednesday,,7:00 PM-7:00 PM,0,details,Unapproved.
Jorge Fernando Flores,2017/09/13,Wednesday,Sunrise Pre-trip ALPHA,6:30 AM-7:00 AM,0.5,details,
Reece Pyankaroo,2017/09/13,Wednesday,Sunrise Pre-trip BETA,6:30 AM-7:00 AM,0.5,details,
Victor Santana Aguilera,2017/09/13,Wednesday,Sunrise Pre-trip CHI,6:30 AM-7:00 AM,0.5,details,
Christopher Block,2017/09/13,Wednesday,Sunrise Pre-trip CS A,6:30 AM-7:00 AM,0.5,details,
Daniel Asante,2017/09/13,Wednesday,Sunrise Pre-trip OMEGA,6:30 AM-7:00 AM,0.5,details,
Shenandoah Graiser,2017/09/13,Wednesday,Sunrise Pre-trip DELTA,6:45 AM-7:15 AM,0.5,details,
Pedro Cordero,2017/09/13,Wednesday,Sunrise Pre-trip EPSILON,6:45 AM-7:15 AM,0.5,details,
Peter Guzewich,2017/09/13,Wednesday,Lift I,7:00 AM-9:30 AM,2.5,details,
Jorge Fernando Flores,2017/09/13,Wednesday,Sunrise ALPHA,7:00 AM-8:45 AM,1.75,details,
Reece Pyankaroo,2017/09/13,Wednesday,Sunrise BETA,7:00 AM-8:40 AM,1.67,details,
Victor Santana Aguilera,2017/09/13,Wednesday,Sunrise CHI,7:00 AM-9:00 AM,2,details,
Christopher Block,2017/09/13,Wednesday,Sunrise CS A,7:00 AM-9:00 AM,2,details,
Daniel Asante,2017/09/13,Wednesday,Sunrise OMEGA,7:00 AM-9:00 AM,2,details,
Corbin Hargadon,2017/09/13,Wednesday,Sunrise Pre-trip CS B,7:00 AM-7:30 AM,0.5,details,
Gaddi Eshun,2017/09/13,Wednesday,Sunrise Pre-trip CS C,7:00 AM-7:30 AM,0.5,details,
Janine Alto,2017/09/13,Wednesday,Sunrise Pre-trip GAMMA,7:00 AM-7:30 AM,0.5,details,
Thomas Burns,2017/09/13,Wednesday,Sunrise Pre-trip ZETA,7:00 AM-7:30 AM,0.5,details,
Shenandoah Graiser,2017/09/13,Wednesday,Sunrise DELTA,7:15 AM-8:30 AM,1.25,details,
Pedro Cordero,2017/09/13,Wednesday,Sunrise EPSILON,7:15 AM-8:30 AM,1.25,details,
Corbin Hargadon,2017/09/13,Wednesday,Sunrise CS B,7:30 AM-9:15 AM,1.75,details,
Gaddi Eshun,2017/09/13,Wednesday,Sunrise CS C,7:30 AM-9:30 AM,2,details,
Janine Alto,2017/09/13,Wednesday,Sunrise GAMMA,7:30 AM-9:00 AM,1.5,details,
Thomas Burns,2017/09/13,Wednesday,Sunrise ZETA,7:30 AM-9:30 AM,2,details,
Shenandoah Graiser,2017/09/13,Wednesday,AM DELTA,8:30 AM-10:30 AM,2,details,
Pedro Cordero,2017/09/13,Wednesday,AM EPSILON,8:30 AM-10:15 AM,1.75,details,
Reece Pyankaroo,2017/09/13,Wednesday,AM BETA,8:40 AM-10:30 AM,1.83,details,
Deborah Musselman,2017/09/13,Wednesday,AM ALPHA,8:45 AM-10:40 AM,1.92,details,
Victor Santana Aguilera,2017/09/13,Wednesday,AM CHI,9:00 AM-10:30 AM,1.5,details,
Travis Allen,2017/09/13,Wednesday,AM CS A,9:00 AM-11:00 AM,2,details,
Janine Alto,2017/09/13,Wednesday,AM GAMMA,9:00 AM-11:00 AM,2,details,
Daniel Asante,2017/09/13,Wednesday,AM OMEGA,9:00 AM-11:00 AM,2,details,
Corbin Hargadon,2017/09/13,Wednesday,AM CS B,9:15 AM-11:15 AM,2,details,
Kyle Hussong,2017/09/13,Wednesday,AM CS C,9:30 AM-11:30 AM,2,details,
Zachary Galluzzo,2017/09/13,Wednesday,AM ZETA,9:30 AM-11:30 AM,2,details,
Brian Chambers-Graham,2017/09/13,Wednesday,Lift II,9:30 AM-11:45 AM,2.25,details,
Naveed Tariq,2017/09/13,Wednesday,Mid EPSILON,10:15 AM-12:30 PM,2.25,details,
Reece Pyankaroo,2017/09/13,Wednesday,Mid BETA,10:30 AM-12:30 PM,2,details,
Victor Santana Aguilera,2017/09/13,Wednesday,Mid CHI,10:30 AM-12:30 PM,2,details,
Omer Atasever,2017/09/13,Wednesday,Mid DELTA,10:30 AM-12:00 PM,1.5,details,Permanent owner: Anna Sirota.
Christina Fuller,2017/09/13,Wednesday,Mid ALPHA,10:40 AM-12:15 PM,1.58,details,
Michelle Cheng,2017/09/13,Wednesday,Mid CS A,11:00 AM-1:00 PM,2,details,
Maya Jones,2017/09/13,Wednesday,Mid GAMMA,11:00 AM-1:00 PM,2,details,Permanent owner: Janine Alto.
Daniel Asante,2017/09/13,Wednesday,Mid OMEGA,11:00 AM-1:00 PM,2,details,
Sabine Petit-Frere,2017/09/13,Wednesday,Mid CS B,11:15 AM-1:30 PM,2.25,details,
Kyle Hussong,2017/09/13,Wednesday,Mid CS C,11:30 AM-1:20 PM,1.83,details,
Mohamed Saleem,2017/09/13,Wednesday,Mid ZETA,11:30 AM-1:20 PM,1.83,details,
9/13/17,Wednesday,Lift III,11:45 AM-1:30 PM,1.75,details,,
Anna Sirota,2017/09/13,Wednesday,Noon DELTA,12:00 PM-2:30 PM,2.5,details,
Qiming Zou,2017/09/13,Wednesday,Noon ALPHA,12:15 PM-2:30 PM,2.25,details,Permanent owner: Omer Atasever.
Christina Fuller,2017/09/13,Wednesday,Noon BETA,12:30 PM-2:00 PM,1.5,details,
Patrick Curran,2017/09/13,Wednesday,Noon CHI,12:30 PM-2:15 PM,1.75,details,
Sean Kaplan,2017/09/13,Wednesday,Noon EPSILON,12:30 PM-3:00 PM,2.5,details,
Nicolas Marjolin,2017/09/13,Wednesday,Noon Epsilon Partial 1,12:30 PM-1:15 PM,0.75,details,
Maya Jones,2017/09/13,Wednesday,Noon CS A,1:00 PM-3:00 PM,2,details,Permanent owner: Administrator.
Michelle Cheng,2017/09/13,Wednesday,Noon GAMMA,1:00 PM-3:00 PM,2,details,
Jeffrey Goldberg,2017/09/13,Wednesday,Noon OMEGA,1:00 PM-3:00 PM,2,details,
Brian Chambers-Graham,2017/09/13,Wednesday,Lift IV,1:30 PM-4:00 PM,2.5,details,
Mohamed Saleem,2017/09/13,Wednesday,Noon CS B,1:30 PM-3:30 PM,2,details,
Kyle Hussong,2017/09/13,Wednesday,Afternoon BETA,2:00 PM-4:15 PM,2.25,details,
Adrian Antonio,2017/09/13,Wednesday,Afternoon CHI,2:15 PM-4:30 PM,2.25,details,
Yonatan Hammerman,2017/09/13,Wednesday,Afternoon ALPHA,2:30 PM-4:45 PM,2.25,details,Permanent owner: Administrator.
Keanna Julien,2017/09/13,Wednesday,Afternoon DELTA,2:30 PM-4:30 PM,2,details,Permanent owner: Chloe Roth.
Christopher Block,2017/09/13,Wednesday,Afternoon CS A,3:00 PM-5:00 PM,2,details,Unapproved.
Sean Kaplan,2017/09/13,Wednesday,Afternoon EPSILON,3:00 PM-5:00 PM,2,details,
Jenny Yakir,2017/09/13,Wednesday,Afternoon GAMMA,3:00 PM-5:00 PM,2,details,
Bruce Edington,2017/09/13,Wednesday,Afternoon OMEGA,3:00 PM-5:00 PM,2,details,
Christopher Block,2017/09/13,Wednesday,Afternoon CS A partial 1,3:00 PM-4:40 PM,1.67,details,
Patrick Curran,2017/09/13,Wednesday,Afternoon CS B,3:30 PM-5:30 PM,2,details,
Kevin Giacchetto,2017/09/13,Wednesday,Afternoon CS C,3:30 PM-6:00 PM,2.5,details,
Glenell Jaquez,2017/09/13,Wednesday,Lift V,4:00 PM-7:00 PM,3,details,Unapproved.
Anthony Ivanov,2017/09/13,Wednesday,Sunset ZETA,4:00 PM-7:00 PM,3,details,
Kyle Hussong,2017/09/13,Wednesday,Sunset BETA,4:15 PM-6:45 PM,2.5,details,
Qiming Zou,2017/09/13,Wednesday,Sunset CHI,4:30 PM-7:00 PM,2.5,details,Permanent owner: Adrian Antonio.
Keanna Julien,2017/09/13,Wednesday,Sunset DELTA,4:30 PM-7:00 PM,2.5,details,Permanent owner: Chloe Roth.
Glenell Jaquez,2017/09/13,Wednesday,Lift V,4:30 PM-7:30 PM,3,details,
Mack Conan,2017/09/13,Wednesday,"Afternoon CS A, Partial 2",4:40 PM-5:00 PM,0.33,details,
Brenden Faherty,2017/09/13,Wednesday,Sunset ALPHA,4:45 PM-7:00 PM,2.25,details,
Yonatan Hammerman,2017/09/13,Wednesday,Dispatch I,5:00 PM-9:00 PM,4,details,
Mack Conan,2017/09/13,Wednesday,Sunset CS A,5:00 PM-7:00 PM,2,details,
Mackenzie Donner,2017/09/13,Wednesday,Sunset EPSILON,5:00 PM-7:15 PM,2.25,details,Permanent owner: Administrator.
Haley Simmons,2017/09/13,Wednesday,Sunset GAMMA,5:00 PM-7:30 PM,2.5,details,
Joanna Lojo,2017/09/13,Wednesday,Sunset OMEGA,5:00 PM-7:00 PM,2,details,Unapproved.
Peter DiSalvo,2017/09/13,Wednesday,Sunset CS B,5:30 PM-7:30 PM,2,details,Permanent owner: Deborah Musselman.
Philip Guinto,2017/09/13,Wednesday,Sunset CS C,6:00 PM-8:00 PM,2,details,
Samuel Chosak,2017/09/13,Wednesday,PM BETA,6:45 PM-9:00 PM,2.25,details,
Zachary Galluzzo,2017/09/13,Wednesday,PM ALPHA,7:00 PM-9:00 PM,2,details,
Anthony Ivanov,2017/09/13,Wednesday,PM ZETA,7:00 PM-10:05 PM,3.08,details,
9/13/17,Wednesday,Lift VI,7:00 PM-10:00 PM,3,details,,
Owen Klepfer,2017/09/13,Wednesday,PM CHI,7:00 PM-10:00 PM,3,details,
Timothy Akaka,2017/09/13,Wednesday,PM DELTA,7:00 PM-10:05 PM,3.08,details,
Qiming Zou,2017/09/13,Wednesday,PM OMEGA,7:00 PM-9:00 PM,2,details,Permanent owner: Jessica Deturris.
Franklin Roosa,2017/09/13,Wednesday,PM EPSILON,7:15 PM-9:45 PM,2.5,details,
Gaddi Eshun,2017/09/13,Wednesday,PM CS B,7:30 PM-9:30 PM,2,details,Permanent owner: Haley Simmons.
David Owusu,2017/09/13,Wednesday,PM GAMMA,7:30 PM-10:30 PM,3,details,
Patrick Curran,2017/09/13,Wednesday,PM CS C,8:00 PM-10:00 PM,2,details,
Mathew Reed,2017/09/13,Wednesday,Dispatch II,9:00 PM-1:00 AM,4,details,
Shenandoah Graiser,2017/09/13,Wednesday,Eve ALPHA,9:00 PM-11:20 PM,2.33,details,Permanent owner: Kylie Mawn.
Samuel Chosak,2017/09/13,Wednesday,Eve BETA,9:00 PM-11:20 PM,2.33,details,
Michael Konchan,2017/09/13,Wednesday,Eve OMEGA,9:00 PM-11:20 PM,2.33,details,
Kai Brown,2017/09/13,Wednesday,Eve CS B,9:30 PM-11:20 PM,1.83,details,
Deborah Musselman,2017/09/13,Wednesday,Eve EPSILON,9:45 PM-1:00 AM,3.25,details,Permanent owner: Franklin Roosa.
Patrick Curran,2017/09/13,Wednesday,Eve CHI,10:00 PM-12:30 AM,2.5,details,
Yonatan Hammerman,2017/09/13,Wednesday,Eve CS C,10:00 PM-1:00 AM,3,details,Permanent owner: Owen Klepfer.
Maya Jones,2017/09/13,Wednesday,Eve DELTA,10:15 PM-1:00 AM,2.75,details,Permanent owner: Sabine Petit-Frere.
David Owusu,2017/09/13,Wednesday,Eve GAMMA,10:30 PM-1:00 AM,2.5,details,
Keanna Julien,2017/09/14,Thursday,Sunrise Pre-trip ALPHA,6:30 AM-7:00 AM,0.5,details,Unapproved.
Reece Pyankaroo,2017/09/14,Thursday,Sunrise Pre-trip BETA,6:30 AM-7:00 AM,0.5,details,
Victor Santana Aguilera,2017/09/14,Thursday,Sunrise Pre-trip CHI,6:30 AM-7:00 AM,0.5,details,
Administrator,2017/09/14,Thursday,Sunrise Pre-trip CS A,6:30 AM-7:00 AM,0.5,details,Unapproved. Permanent owner: Christopher Block.
Jorge Fernando Flores,2017/09/14,Thursday,Sunrise Pre-trip OMEGA,6:30 AM-7:00 AM,0.5,details,
Daniel Asante,2017/09/14,Thursday,Sunrise Pre-trip DELTA,6:45 AM-7:15 AM,0.5,details,
Pedro Cordero,2017/09/14,Thursday,Sunrise Pre-trip EPSILON,6:45 AM-7:15 AM,0.5,details,
Keanna Julien,2017/09/14,Thursday,LATE Sunrise Pre-trip ALPHA,6:47 AM-7:00 AM,0.25,details,
Samantha Cermak,2017/09/14,Thursday,Lift I,7:00 AM-9:30 AM,2.5,details,
Keanna Julien,2017/09/14,Thursday,Sunrise ALPHA,7:00 AM-8:45 AM,1.75,details,
Reece Pyankaroo,2017/09/14,Thursday,Sunrise BETA,7:00 AM-8:40 AM,1.67,details,
Victor Santana Aguilera,2017/09/14,Thursday,Sunrise CHI,7:00 AM-9:00 AM,2,details,
Administrator,2017/09/14,Thursday,Sunrise CS A,7:00 AM-9:00 AM,2,details,Unapproved. Permanent owner: Christopher Block.
Jorge Fernando Flores,2017/09/14,Thursday,Sunrise OMEGA,7:00 AM-9:00 AM,2,details,
Thomas Burns,2017/09/14,Thursday,Sunrise Pre-trip CS B,7:00 AM-7:30 AM,0.5,details,Permanent owner: Gaddi Eshun.
Janine Alto,2017/09/14,Thursday,Sunrise Pre-trip CS C,7:00 AM-7:30 AM,0.5,details,
Alexander Fritz,2017/09/14,Thursday,Sunrise Pre-trip GAMMA,7:00 AM-7:30 AM,0.5,details,
Gaddi Eshun,2017/09/14,Thursday,Sunrise Pre-trip ZETA,7:00 AM-7:30 AM,0.5,details,Permanent owner: Jessica Deturris.
Daniel Asante,2017/09/14,Thursday,Sunrise DELTA,7:15 AM-8:30 AM,1.25,details,
Pedro Cordero,2017/09/14,Thursday,Sunrise EPSILON,7:15 AM-8:30 AM,1.25,details,
Qiming Zou,2017/09/14,Thursday,CS A,7:15 AM-8:15 AM,1,details,
Thomas Burns,2017/09/14,Thursday,Sunrise CS B,7:30 AM-9:15 AM,1.75,details,Permanent owner: Gaddi Eshun.
Janine Alto,2017/09/14,Thursday,Sunrise CS C,7:30 AM-9:30 AM,2,details,
Alexander Fritz,2017/09/14,Thursday,Sunrise GAMMA,7:30 AM-9:00 AM,1.5,details,
Gaddi Eshun,2017/09/14,Thursday,Sunrise ZETA,7:30 AM-9:30 AM,2,details,Permanent owner: Jessica Deturris.
Christopher Block,2017/09/14,Thursday,Training with Nana,7:30 AM-10:30 AM,3,details,
Daniel Asante,2017/09/14,Thursday,AM DELTA,8:30 AM-10:30 AM,2,details,
Pedro Cordero,2017/09/14,Thursday,AM EPSILON,8:30 AM-10:15 AM,1.75,details,
Reece Pyankaroo,2017/09/14,Thursday,AM BETA,8:40 AM-10:30 AM,1.83,details,
Keanna Julien,2017/09/14,Thursday,AM ALPHA,8:45 AM-10:40 AM,1.92,details,
Victor Santana Aguilera,2017/09/14,Thursday,AM CHI,9:00 AM-10:30 AM,1.5,details,
Administrator,2017/09/14,Thursday,AM CS A,9:00 AM-11:00 AM,2,details,Unapproved. Permanent owner: Christopher Block.
Shenandoah Graiser,2017/09/14,Thursday,AM GAMMA,9:00 AM-11:00 AM,2,details,Permanent owner: Lillian Harrington.
Kyle Hussong,2017/09/14,Thursday,AM OMEGA,9:00 AM-11:00 AM,2,details,
Thomas Burns,2017/09/14,Thursday,AM CS B,9:15 AM-11:15 AM,2,details,Unapproved. Permanent owner: Gaddi Eshun.
Thomas Burns,2017/09/14,Thursday,AM CS B Partial 1,9:15 AM-10:40 AM,1.42,details,
Samantha Cermak,2017/09/14,Thursday,AM CS C,9:30 AM-11:30 AM,2,details,
Gaddi Eshun,2017/09/14,Thursday,AM ZETA,9:30 AM-11:30 AM,2,details,Permanent owner: Jessica Deturris.
Peter Guzewich,2017/09/14,Thursday,Lift II,9:30 AM-11:45 AM,2.25,details,
Philip Guinto,2017/09/14,Thursday,Mid EPSILON,10:15 AM-12:30 PM,2.25,details,
Reece Pyankaroo,2017/09/14,Thursday,Mid BETA,10:30 AM-12:30 PM,2,details,
Victor Santana Aguilera,2017/09/14,Thursday,Mid CHI,10:30 AM-12:30 PM,2,details,
Daniel Asante,2017/09/14,Thursday,Mid DELTA,10:30 AM-12:00 PM,1.5,details,
Alexander Fritz,2017/09/14,Thursday,Training with Emily,10:30 AM-1:30 PM,3,details,Permanent owner: Janine Alto.
Thomas Burns,2017/09/14,Thursday,Mid ALPHA,10:40 AM-12:15 PM,1.58,details,
Jessica Deturris,2017/09/14,Thursday,AM CS B Partial 2,10:40 AM-11:15 AM,0.58,details,
Yonatan Hammerman,2017/09/14,Thursday,Mid CS A,11:00 AM-1:00 PM,2,details,
Travis Allen,2017/09/14,Thursday,Mid GAMMA,11:00 AM-1:00 PM,2,details,
Michael Konchan,2017/09/14,Thursday,Mid OMEGA,11:00 AM-1:00 PM,2,details,Permanent owner: Maya Jones.
James Zihal,2017/09/14,Thursday,Mid CS B,11:15 AM-1:30 PM,2.25,details,
Qiming Zou,2017/09/14,Thursday,Mid CS C,11:30 AM-1:20 PM,1.83,details,Permanent owner: Administrator.
Bruce Edington,2017/09/14,Thursday,Mid ZETA,11:30 AM-1:20 PM,1.83,details,
Peter Guzewich,2017/09/14,Thursday,Lift III,11:45 AM-1:30 PM,1.75,details,
Anna Sirota,2017/09/14,Thursday,Noon DELTA,12:00 PM-2:30 PM,2.5,details,
Zachary Galluzzo,2017/09/14,Thursday,Noon ALPHA,12:15 PM-2:30 PM,2.25,details,Unapproved.
Thomas Burns,2017/09/14,Thursday,Noon Alpha Partial 1,12:15 PM-1:00 PM,0.75,details,
Samuel Chosak,2017/09/14,Thursday,Noon BETA,12:30 PM-2:00 PM,1.5,details,
Joanna Lojo,2017/09/14,Thursday,Noon CHI,12:30 PM-2:15 PM,1.75,details,Unapproved.
Daniel Asante,2017/09/14,Thursday,Noon EPSILON,12:30 PM-3:00 PM,2.5,details,
Nicholas Fantanza,2017/09/14,Thursday,Noon CS A,1:00 PM-3:00 PM,2,details,
Paul Annunziata,2017/09/14,Thursday,Noon GAMMA,1:00 PM-3:00 PM,2,details,
Kevin Giacchetto,2017/09/14,Thursday,Noon OMEGA,1:00 PM-3:00 PM,2,details,Permanent owner: Maya Jones.
Omer Atasever,2017/09/14,Thursday,Noon Alpha Partial 2,1:00 PM-2:30 PM,1.5,details,
Peter Guzewich,2017/09/14,Thursday,Lift IV,1:30 PM-4:00 PM,2.5,details,
Chloe Roth,2017/09/14,Thursday,Noon CS B,1:30 PM-3:30 PM,2,details,Unapproved.
Chloe Roth,2017/09/14,Thursday,Noon CS B Partial I,1:30 PM-2:30 PM,1,details,
Jeffrey Goldberg,2017/09/14,Thursday,Afternoon BETA,2:00 PM-4:15 PM,2.25,details,
Nicolas Marjolin,2017/09/14,Thursday,Afternoon CHI,2:15 PM-4:30 PM,2.25,details,
Anthony Ivanov,2017/09/14,Thursday,Afternoon ALPHA,2:30 PM-4:45 PM,2.25,details,
Maya Jones,2017/09/14,Thursday,Afternoon DELTA,2:30 PM-4:30 PM,2,details,Permanent owner: Administrator.
Omer Atasever,2017/09/14,Thursday,Noon CS B Partial II,2:30 PM-3:30 PM,1,details,
Zachary Tepfenhart,2017/09/14,Thursday,Afternoon CS A,3:00 PM-5:00 PM,2,details,
Shaun Madsen,2017/09/14,Thursday,Afternoon EPSILON,3:00 PM-5:00 PM,2,details,
Kai Brown,2017/09/14,Thursday,Afternoon GAMMA,3:00 PM-5:00 PM,2,details,
Gaddi Eshun,2017/09/14,Thursday,Afternoon OMEGA,3:00 PM-5:00 PM,2,details,Permanent owner: Carolina Benitez.
Philip Guinto,2017/09/14,Thursday,Afternoon CS C,3:30 PM-6:00 PM,2.5,details,
Shenandoah Graiser,2017/09/14,Thursday,afternoon cs b partial 1,3:30 PM-5:00 PM,1.5,details,
Peter Guzewich,2017/09/14,Thursday,Lift V,4:00 PM-7:00 PM,3,details,
Timothy Akaka,2017/09/14,Thursday,Sunset ZETA,4:00 PM-7:00 PM,3,details,
Harrison Kaye,2017/09/14,Thursday,RIP Erik Colon 1,4:00 PM-10:15 PM,6.25,details,
Christopher Block,2017/09/14,Thursday,RIP Erik Colon 2,4:00 PM-10:00 PM,6,details,
Joanna Lojo,2017/09/14,Thursday,Sunset BETA,4:15 PM-6:45 PM,2.5,details,Unapproved.
Deborah Musselman,2017/09/14,Thursday,Sunset CHI,4:30 PM-7:00 PM,2.5,details,Permanent owner: Franklin Roosa.
Maya Jones,2017/09/14,Thursday,Sunset DELTA,4:30 PM-7:00 PM,2.5,details,Permanent owner: Deborah Musselman.
Brenden Faherty,2017/09/14,Thursday,Sunset ALPHA,4:45 PM-7:00 PM,2.25,details,
Shenandoah Graiser,2017/09/14,Thursday,Dispatch I,5:00 PM-9:00 PM,4,details,
Zachary Tepfenhart,2017/09/14,Thursday,Sunset CS A,5:00 PM-7:00 PM,2,details,
Mathew Reed,2017/09/14,Thursday,Sunset EPSILON,5:00 PM-7:15 PM,2.25,details,
Mack Conan,2017/09/14,Thursday,Sunset GAMMA,5:00 PM-7:30 PM,2.5,details,
Kai Brown,2017/09/14,Thursday,Sunset OMEGA,5:00 PM-7:00 PM,2,details,
Adrian Antonio,2017/09/14,Thursday,afternoon cs b partial 2,5:00 PM-5:30 PM,0.5,details,
Adrian Antonio,2017/09/14,Thursday,Sunset CS B,5:30 PM-7:30 PM,2,details,
Christina Fuller,2017/09/14,Thursday,Sunset CS C,6:00 PM-8:00 PM,2,details,Unapproved.
Christina Fuller,2017/09/14,Thursday,Sunset CS C Partial 1,6:00 PM-7:00 PM,1,details,
Michael Konchan,2017/09/14,Thursday,PM BETA,6:45 PM-9:00 PM,2.25,details,
Gaddi Eshun,2017/09/14,Thursday,PM ALPHA,7:00 PM-9:00 PM,2,details,
Qiming Zou,2017/09/14,Thursday,PM ZETA,7:00 PM-10:05 PM,3.08,details,Permanent owner: Administrator.
Peter Guzewich,2017/09/14,Thursday,Lift VI,7:00 PM-10:00 PM,3,details,
Franklin Roosa,2017/09/14,Thursday,PM CHI,7:00 PM-10:00 PM,3,details,
Anna Sirota,2017/09/14,Thursday,PM DELTA,7:00 PM-10:05 PM,3.08,details,Permanent owner: Administrator.
Thomas Burns,2017/09/14,Thursday,PM OMEGA,7:00 PM-9:00 PM,2,details,Permanent owner: Zachary Galluzzo.
Bruce Edington,2017/09/14,Thursday,Sunset CS C Partial 2,7:00 PM-8:00 PM,1,details,
Zachary Galluzzo,2017/09/14,Thursday,PM EPSILON,7:15 PM-9:45 PM,2.5,details,Permanent owner: Thomas Burns.
Jenny Yakir,2017/09/14,Thursday,PM CS B,7:30 PM-9:30 PM,2,details,
Kevin Giacchetto,2017/09/14,Thursday,PM GAMMA,7:30 PM-10:30 PM,3,details,
Alexander Fritz,2017/09/14,Thursday,Training with Natan,7:30 PM-10:30 PM,3,details,Permanent owner: Mathew Reed.
Bruce Edington,2017/09/14,Thursday,PM CS C,8:00 PM-10:00 PM,2,details,
Yonatan Hammerman,2017/09/14,Thursday,Dispatch II,9:00 PM-1:00 AM,4,details,
David Owusu,2017/09/14,Thursday,Eve ALPHA,9:00 PM-11:20 PM,2.33,details,Permanent owner: Alexander Fritz.
Michael Konchan,2017/09/14,Thursday,Eve BETA,9:00 PM-11:20 PM,2.33,details,
Mackenzie Donner,2017/09/14,Thursday,Eve OMEGA,9:00 PM-11:20 PM,2.33,details,
Janine Alto,2017/09/14,Thursday,Eve CS B,9:30 PM-11:20 PM,1.83,details,Permanent owner: Sabine Petit-Frere.
Kylie Mawn,2017/09/14,Thursday,Eve EPSILON,9:45 PM-1:00 AM,3.25,details,
Zachary Galluzzo,2017/09/14,Thursday,Eve CHI,10:00 PM-12:30 AM,2.5,details,
Zachary Tepfenhart,2017/09/14,Thursday,Eve CS C,10:00 PM-1:00 AM,3,details,
Bruce Edington,2017/09/14,Thursday,Eve DELTA,10:15 PM-1:00 AM,2.75,details,
Kevin Giacchetto,2017/09/14,Thursday,Eve GAMMA,10:30 PM-1:00 AM,2.5,details,
Harrison Kaye,2017/09/15,Friday,Friday Dispatch LN,12:00 AM-4:20 AM,4.33,details,
Thomas Burns,2017/09/15,Friday,Late Nite BETA,12:00 AM-4:20 AM,4.33,details,
Gaddi Eshun,2017/09/15,Friday,Late Nite CHI,12:00 AM-4:05 AM,4.08,details,
Deborah Musselman,2017/09/15,Friday,Late Nite DELTA,12:15 AM-4:20 AM,4.08,details,
Patrick Curran,2017/09/15,Friday,Late Nite EPSILON,12:15 AM-4:05 AM,3.83,details,
Thomas Burns,2017/09/15,Friday,Sunrise Pre-trip ALPHA,6:30 AM-7:00 AM,0.5,details,Permanent owner: Jorge Fernando Flores.
Reece Pyankaroo,2017/09/15,Friday,Sunrise Pre-trip BETA,6:30 AM-7:00 AM,0.5,details,
Victor Santana Aguilera,2017/09/15,Friday,Sunrise Pre-trip CHI,6:30 AM-7:00 AM,0.5,details,
Corbin Hargadon,2017/09/15,Friday,Sunrise Pre-trip CS A,6:30 AM-7:00 AM,0.5,details,
Samantha Cermak,2017/09/15,Friday,Sunrise Pre-trip OMEGA,6:30 AM-7:00 AM,0.5,details,
Shenandoah Graiser,2017/09/15,Friday,Sunrise Pre-trip DELTA,6:45 AM-7:15 AM,0.5,details,
Pedro Cordero,2017/09/15,Friday,Sunrise Pre-trip EPSILON,6:45 AM-7:15 AM,0.5,details,
9/15/17,Friday,Lift I,7:00 AM-9:30 AM,2.5,details,,
Thomas Burns,2017/09/15,Friday,Sunrise ALPHA,7:00 AM-8:45 AM,1.75,details,Permanent owner: Jorge Fernando Flores.
Reece Pyankaroo,2017/09/15,Friday,Sunrise BETA,7:00 AM-8:40 AM,1.67,details,
Victor Santana Aguilera,2017/09/15,Friday,Sunrise CHI,7:00 AM-9:00 AM,2,details,
Corbin Hargadon,2017/09/15,Friday,Sunrise CS A,7:00 AM-9:00 AM,2,details,
Samantha Cermak,2017/09/15,Friday,Sunrise OMEGA,7:00 AM-9:00 AM,2,details,
Anthony Ivanov,2017/09/15,Friday,Sunrise Pre-trip CS B,7:00 AM-7:30 AM,0.5,details,Permanent owner: Jessica Deturris.
Lillian Harrington,2017/09/15,Friday,Sunrise Pre-trip CS C,7:00 AM-7:30 AM,0.5,details,Permanent owner: Gaddi Eshun.
Daniel Asante,2017/09/15,Friday,Sunrise Pre-trip GAMMA,7:00 AM-7:30 AM,0.5,details,
Gaddi Eshun,2017/09/15,Friday,Sunrise Pre-trip ZETA,7:00 AM-7:30 AM,0.5,details,Permanent owner: Lillian Harrington.
Shenandoah Graiser,2017/09/15,Friday,Sunrise DELTA,7:15 AM-8:30 AM,1.25,details,
Pedro Cordero,2017/09/15,Friday,Sunrise EPSILON,7:15 AM-8:30 AM,1.25,details,
Anthony Ivanov,2017/09/15,Friday,Sunrise CS B,7:30 AM-9:15 AM,1.75,details,Permanent owner: Jessica Deturris.
Lillian Harrington,2017/09/15,Friday,Sunrise CS C,7:30 AM-9:30 AM,2,details,Permanent owner: Gaddi Eshun.
Daniel Asante,2017/09/15,Friday,Sunrise GAMMA,7:30 AM-9:00 AM,1.5,details,
Gaddi Eshun,2017/09/15,Friday,Sunrise ZETA,7:30 AM-9:30 AM,2,details,Permanent owner: Lillian Harrington.
Christopher Block,2017/09/15,Friday,Training with Dana,7:30 AM-10:30 AM,3,details,
Shenandoah Graiser,2017/09/15,Friday,AM DELTA,8:30 AM-10:30 AM,2,details,
Pedro Cordero,2017/09/15,Friday,AM EPSILON,8:30 AM-10:15 AM,1.75,details,
Reece Pyankaroo,2017/09/15,Friday,AM BETA,8:40 AM-10:30 AM,1.83,details,
Qiming Zou,2017/09/15,Friday,AM ALPHA,8:45 AM-10:40 AM,1.92,details,Permanent owner: Jorge Fernando Flores.
Victor Santana Aguilera,2017/09/15,Friday,AM CHI,9:00 AM-10:30 AM,1.5,details,
Corbin Hargadon,2017/09/15,Friday,AM CS A,9:00 AM-11:00 AM,2,details,
Amy Merke,2017/09/15,Friday,AM GAMMA,9:00 AM-11:00 AM,2,details,
Daniel Asante,2017/09/15,Friday,AM OMEGA,9:00 AM-11:00 AM,2,details,
Zachary Galluzzo,2017/09/15,Friday,AM CS B,9:15 AM-11:15 AM,2,details,
Kyle Hussong,2017/09/15,Friday,AM CS C,9:30 AM-11:30 AM,2,details,
Lillian Harrington,2017/09/15,Friday,AM ZETA,9:30 AM-11:30 AM,2,details,
Brian Chambers-Graham,2017/09/15,Friday,Lift II,9:30 AM-11:45 AM,2.25,details,
Jeffrey Goldberg,2017/09/15,Friday,Mid EPSILON,10:15 AM-12:30 PM,2.25,details,
Reece Pyankaroo,2017/09/15,Friday,Mid BETA,10:30 AM-12:30 PM,2,details,
Victor Santana Aguilera,2017/09/15,Friday,Mid CHI,10:30 AM-12:30 PM,2,details,Unapproved.
Anna Sirota,2017/09/15,Friday,Mid DELTA,10:30 AM-12:00 PM,1.5,details,
Victor Santana Aguilera,2017/09/15,Friday,Mid Chi partial 1,10:30 AM-11:15 AM,0.75,details,
Shenandoah Graiser,2017/09/15,Friday,Mid alpha partial 1,10:40 AM-12:00 PM,1.33,details,
Daniel Asante,2017/09/15,Friday,Mid CS A,11:00 AM-1:00 PM,2,details,
Amy Merke,2017/09/15,Friday,Mid GAMMA,11:00 AM-1:00 PM,2,details,
Harrison Kaye,2017/09/15,Friday,Mid OMEGA,11:00 AM-1:00 PM,2,details,
Maya Jones,2017/09/15,Friday,Mid CS B,11:15 AM-1:30 PM,2.25,details,Permanent owner: Administrator.
Qiming Zou,2017/09/15,Friday,Mid Chi partial 2,11:15 AM-12:30 PM,1.25,details,
Kyle Hussong,2017/09/15,Friday,Mid CS C,11:30 AM-1:20 PM,1.83,details,
Lillian Harrington,2017/09/15,Friday,Mid ZETA,11:30 AM-1:20 PM,1.83,details,
Brian Chambers-Graham,2017/09/15,Friday,Lift III,11:45 AM-1:30 PM,1.75,details,
Yonatan Hammerman,2017/09/15,Friday,Noon DELTA,12:00 PM-2:30 PM,2.5,details,
Janine Alto,2017/09/15,Friday,Mid Alpha Partial 2,12:00 PM-12:15 PM,0.25,details,
Janine Alto,2017/09/15,Friday,Noon ALPHA,12:15 PM-2:30 PM,2.25,details,Permanent owner: Deborah Musselman.
Travis Allen,2017/09/15,Friday,Noon BETA,12:30 PM-2:00 PM,1.5,details,
Jenny Yakir,2017/09/15,Friday,Noon CHI,12:30 PM-2:15 PM,1.75,details,
Shenandoah Graiser,2017/09/15,Friday,Noon EPSILON,12:30 PM-3:00 PM,2.5,details,Permanent owner: Omer Atasever.
Michelle Cheng,2017/09/15,Friday,Noon CS A,1:00 PM-3:00 PM,2,details,
Mackenzie Donner,2017/09/15,Friday,Noon GAMMA,1:00 PM-3:00 PM,2,details,
Carolina Benitez,2017/09/15,Friday,Noon OMEGA,1:00 PM-3:00 PM,2,details,
Brian Chambers-Graham,2017/09/15,Friday,Lift IV,1:30 PM-4:00 PM,2.5,details,
Anthony Ivanov,2017/09/15,Friday,Noon CS B,1:30 PM-3:30 PM,2,details,Permanent owner: Nicolas Marjolin.
Christopher Block,2017/09/15,Friday,Training with Casey,1:30 PM-4:30 PM,3,details,
Anna Sirota,2017/09/15,Friday,Afternoon BETA,2:00 PM-4:15 PM,2.25,details,Permanent owner: Administrator.
Adrian Antonio,2017/09/15,Friday,Afternoon CHI,2:15 PM-4:30 PM,2.25,details,
Kyle Hussong,2017/09/15,Friday,Afternoon DELTA,2:30 PM-4:30 PM,2,details,
Deborah Musselman,2017/09/15,Friday,"Afternoon ALPHA, Partial 1",2:30 PM-4:00 PM,1.5,details,
Michael Konchan,2017/09/15,Friday,Afternoon CS A,3:00 PM-5:00 PM,2,details,
Qiming Zou,2017/09/15,Friday,Afternoon EPSILON,3:00 PM-5:00 PM,2,details,Permanent owner: Omer Atasever.
Michelle Cheng,2017/09/15,Friday,Afternoon GAMMA,3:00 PM-5:00 PM,2,details,
Patrick Curran,2017/09/15,Friday,Afternoon OMEGA,3:00 PM-5:00 PM,2,details,
Brenden Faherty,2017/09/15,Friday,Afternoon CS B,3:30 PM-5:30 PM,2,details,
Administrator,2017/09/15,Friday,Afternoon CS C,3:30 PM-6:00 PM,2.5,details,Unapproved.
Mackenzie Donner,2017/09/15,Friday,Afternoon CS C partial 1,3:30 PM-5:00 PM,1.5,details,
Brian Chambers-Graham,2017/09/15,Friday,Lift V,4:00 PM-7:00 PM,3,details,
Harrison Kaye,2017/09/15,Friday,Sunset ZETA,4:00 PM-7:00 PM,3,details,Permanent owner: James Zihal.
Jenny Yakir,2017/09/15,Friday,Afternoon ALPHA Partial 2,4:00 PM-4:45 PM,0.75,details,
Paul Annunziata,2017/09/15,Friday,Sunset BETA,4:15 PM-6:45 PM,2.5,details,
Adrian Antonio,2017/09/15,Friday,Sunset CHI,4:30 PM-7:00 PM,2.5,details,
Kyle Hussong,2017/09/15,Friday,Sunset DELTA,4:30 PM-7:00 PM,2.5,details,
Alexander Fritz,2017/09/15,Friday,Training with Lizzia,4:30 PM-7:30 PM,3,details,
Jenny Yakir,2017/09/15,Friday,Sunset ALPHA,4:45 PM-7:00 PM,2.25,details,
Janine Alto,2017/09/15,Friday,Dispatch I,5:00 PM-8:30 PM,3.5,details,
Johnathon Vasuthevan,2017/09/15,Friday,Sunset CS A,5:00 PM-7:00 PM,2,details,
Mohamed Saleem,2017/09/15,Friday,Sunset EPSILON,5:00 PM-7:15 PM,2.25,details,
Michael Konchan,2017/09/15,Friday,Sunset GAMMA,5:00 PM-7:30 PM,2.5,details,
Zachary Tepfenhart,2017/09/15,Friday,Sunset OMEGA,5:00 PM-7:00 PM,2,details,
Patrick Curran,2017/09/15,Friday,Afternoon CS C partial 2,5:00 PM-6:00 PM,1,details,
Philip Guinto,2017/09/15,Friday,Sunset CS B partial 1,5:30 PM-7:15 PM,1.75,details,
Administrator,2017/09/15,Friday,Sunset CS B,5:30 PM-7:30 PM,2,details,Unapproved.
Kylie Mawn,2017/09/15,Friday,Sunset CS C,6:00 PM-8:00 PM,2,details,Permanent owner: Administrator.
Qiming Zou,2017/09/15,Friday,PM BETA,6:45 PM-9:30 PM,2.75,details,Permanent owner: Administrator.
Mack Conan,2017/09/15,Friday,PM ALPHA,7:00 PM-10:00 PM,3,details,Permanent owner: Sabine Petit-Frere.
Gaddi Eshun,2017/09/15,Friday,PM ZETA,7:00 PM-10:05 PM,3.08,details,Permanent owner: Chloe Roth.
Administrator,2017/09/15,Friday,PM CHI,7:00 PM-10:00 PM,3,details,Unapproved.
Timothy Akaka,2017/09/15,Friday,PM OMEGA,7:00 PM-9:00 PM,2,details,
Marvel Tranquille,2017/09/15,Friday,PM DELTA,7:00 PM-9:45 PM,2.75,details,
Adrian Antonio,2017/09/15,Friday,PM CHI partial 1,7:00 PM-8:30 PM,1.5,details,
Administrator,2017/09/15,Friday,Sunset CS B partial 2,7:15 PM-7:30 PM,0.25,details,
Philip Guinto,2017/09/15,Friday,PM EPSILON,7:15 PM-9:45 PM,2.5,details,
Alexander Fritz,2017/09/15,Friday,PM CS B,7:30 PM-9:30 PM,2,details,
Deborah Musselman,2017/09/15,Friday,PM GAMMA,7:30 PM-10:30 PM,3,details,Permanent owner: Peter DiSalvo.
Kylie Mawn,2017/09/15,Friday,PM CS C,8:00 PM-10:00 PM,2,details,
Janine Alto,2017/09/15,Friday,Dispatch II,8:30 PM-12:00 AM,3.5,details,Unapproved.
Kevin Giacchetto,2017/09/15,Friday,PM CHI partial 2,8:30 PM-10:00 PM,1.5,details,
Janine Alto,2017/09/15,Friday,Dispatch II Partial 1,8:30 PM-10:25 PM,1.92,details,
Timothy Akaka,2017/09/15,Friday,Eve OMEGA,9:00 PM-11:20 PM,2.33,details,
Thomas Burns,2017/09/15,Friday,Eve BETA,9:30 PM-12:00 AM,2.5,details,
Administrator,2017/09/15,Friday,Eve CS B,9:30 PM-11:20 PM,1.83,details,Unapproved.
Qiming Zou,2017/09/15,Friday,Eve CS B partial 1,9:30 PM-10:00 PM,0.5,details,
Alexander Fritz,2017/09/15,Friday,Eve DELTA,9:45 PM-12:15 AM,2.5,details,
Patrick Curran,2017/09/15,Friday,Eve EPSILON,9:45 PM-12:15 AM,2.5,details,
Jeffrey Goldberg,2017/09/15,Friday,Eve ALPHA,10:00 PM-1:05 AM,3.08,details,
Kevin Giacchetto,2017/09/15,Friday,Eve CHI,10:00 PM-12:00 AM,2,details,
Daniel Rozhkov,2017/09/15,Friday,Eve CS C,10:00 PM-1:05 AM,3.08,details,
Mack Conan,2017/09/15,Friday,Eve CS B partial 2,10:00 PM-11:20 PM,1.33,details,
Harrison Kaye,2017/09/15,Friday,Dispatch II Partial 2,10:25 PM-12:00 AM,1.58,details,
Carolina Benitez,2017/09/15,Friday,Eve GAMMA,10:30 PM-1:05 AM,2.58,details,
Jessica Deturris,2017/09/16,Saturday,,7:00 PM-7:00 PM,0,details,Unapproved.
Gaddi Eshun,2017/09/16,Saturday,Late Nite CHI,12:00 AM-4:20 AM,4.33,details,
Chloe Roth,2017/09/16,Saturday,Late Nite EPSILON,12:00 AM-4:05 AM,4.08,details,
Reece Pyankaroo,2017/09/16,Saturday,Saturday Dispatch LN,12:00 AM-4:20 AM,4.33,details,
Mohamed Saleem,2017/09/16,Saturday,Late Nite BETA,12:15 AM-4:20 AM,4.08,details,
Yonatan Hammerman,2017/09/16,Saturday,Late Nite DELTA,12:15 AM-4:05 AM,3.83,details,
Shenandoah Graiser,2017/09/16,Saturday,Dispatch AM I,8:15 AM-12:00 PM,3.75,details,
Kevin Giacchetto,2017/09/16,Saturday,Stark ALPHA,8:15 AM-11:30 AM,3.25,details,
Adrian Antonio,2017/09/16,Saturday,Stark BETA,9:15 AM-12:00 PM,2.75,details,Permanent owner: Administrator.
Victor Santana Aguilera,2017/09/16,Saturday,Stark CHI,9:30 AM-11:45 AM,2.25,details,Permanent owner: Philip Guinto.
Mackenzie Donner,2017/09/16,Saturday,Stark DELTA,9:30 AM-12:15 PM,2.75,details,
Mack Conan,2017/09/16,Saturday,Stark EPSILON,9:30 AM-12:00 PM,2.5,details,Permanent owner: Nicolas Marjolin.
Janine Alto,2017/09/16,Saturday,Training with Casey (BUS 2),10:30 AM-1:30 PM,3,details,
Chloe Roth,2017/09/16,Saturday,Baratheon ALPHA,11:30 AM-2:30 PM,3,details,
Michelle Cheng,2017/09/16,Saturday,Baratheon CHI,11:45 AM-2:30 PM,2.75,details,Permanent owner: Deborah Musselman.
Reece Pyankaroo,2017/09/16,Saturday,Dispatch AM II,12:00 PM-4:00 PM,4,details,
Jenny Yakir,2017/09/16,Saturday,Baratheon BETA,12:00 PM-2:15 PM,2.25,details,Permanent owner: Brian Warm.
Carolina Benitez,2017/09/16,Saturday,Baratheon EPSILON,12:00 PM-2:45 PM,2.75,details,Permanent owner: Amy Merke.
Marvel Tranquille,2017/09/16,Saturday,Baratheon DELTA,12:15 PM-2:45 PM,2.5,details,
Zachary Mowatt,2017/09/16,Saturday,Training with Dana (BUS 1),1:30 PM-4:30 PM,3,details,Permanent owner: Jessica Deturris.
Shaun Madsen,2017/09/16,Saturday,Training with Lizzia (BUS 2),1:30 PM-4:30 PM,3,details,
David Owusu,2017/09/16,Saturday,Martell BETA,2:15 PM-5:30 PM,3.25,details,Permanent owner: Brian Warm.
Yonatan Hammerman,2017/09/16,Saturday,Garden to Grill C,2:15 PM-5:15 PM,3,details,
Janine Alto,2017/09/16,Saturday,Garden to Grill A,2:15 PM-7:10 PM,4.92,details,
Yonatan Hammerman,2017/09/16,Saturday,Garden to Grill C,2:15 PM-7:10 PM,4.92,details,Unapproved.
Adrian Antonio,2017/09/16,Saturday,Garden to Grill B,2:15 PM-7:10 PM,4.92,details,
Bruce Edington,2017/09/16,Saturday,Martell ALPHA,2:30 PM-5:15 PM,2.75,details,Permanent owner: Chloe Roth.
Jenny Yakir,2017/09/16,Saturday,Martell CHI,2:30 PM-5:00 PM,2.5,details,Permanent owner: Deborah Musselman.
Marvel Tranquille,2017/09/16,Saturday,Martell DELTA,2:45 PM-5:00 PM,2.25,details,
Carolina Benitez,2017/09/16,Saturday,Martell EPSILON,2:45 PM-5:00 PM,2.25,details,Permanent owner: Amy Merke.
Alpha Chen,2017/09/16,Saturday,Dispatch PM I,4:00 PM-8:00 PM,4,details,
Alexander Fritz,2017/09/16,Saturday,Training with Emily (BUS 1),4:30 PM-7:30 PM,3,details,Permanent owner: Janine Alto.
Qiming Zou,2017/09/16,Saturday,Greyjoy CHI,5:00 PM-7:45 PM,2.75,details,Permanent owner: Peter DiSalvo.
Jenny Yakir,2017/09/16,Saturday,Greyjoy DELTA,5:00 PM-8:00 PM,3,details,
Johnathon Vasuthevan,2017/09/16,Saturday,Greyjoy EPSILON,5:00 PM-7:45 PM,2.75,details,
Timothy Akaka,2017/09/16,Saturday,Greyjoy ALPHA,5:15 PM-8:15 PM,3,details,
Kevin Giacchetto,2017/09/16,Saturday,Greyjoy BETA,5:30 PM-8:15 PM,2.75,details,Permanent owner: Kylie Mawn.
Anthony Ivanov,2017/09/16,Saturday,Targaryen CHI,7:45 PM-10:00 PM,2.25,details,
Philip Guinto,2017/09/16,Saturday,Targaryen EPSILON,7:45 PM-10:00 PM,2.25,details,
Shenandoah Graiser,2017/09/16,Saturday,Dispatch PM II,8:00 PM-12:00 AM,4,details,
Qiming Zou,2017/09/16,Saturday,Targaryen DELTA,8:00 PM-10:15 PM,2.25,details,Permanent owner: Administrator.
Christopher Block,2017/09/16,Saturday,Targaryen ALPHA,8:15 PM-10:45 PM,2.5,details,Permanent owner: James Zihal.
Kylie Mawn,2017/09/16,Saturday,Targaryen BETA,8:15 PM-10:30 PM,2.25,details,
Gaddi Eshun,2017/09/16,Saturday,Lannister CHI,10:00 PM-12:00 AM,2,details,
Chloe Roth,2017/09/16,Saturday,Lannister EPSILON,10:00 PM-12:00 AM,2,details,Permanent owner: Administrator.
Janine Alto,2017/09/16,Saturday,Lannister DELTA,10:15 PM-12:15 AM,2,details,
Timothy Akaka,2017/09/16,Saturday,Lannister BETA,10:30 PM-12:15 AM,1.75,details,
Carolina Benitez,2017/09/16,Saturday,Lannister ALPHA,10:45 PM-1:20 AM,2.58,details,
Janine Alto,2017/09/17,Sunday,,7:00 PM-7:00 PM,0,details,Unapproved.
Denise Haley,2017/09/17,Sunday,Office Coordinator Week 2,12:00 AM-12:00 AM,16.5,details,
Raul Avalos,2017/09/17,Sunday,Late Paysheet RA 8/28-9/3/17,12:00 AM-12:00 AM,$12.47 ,details,
Raul Avalos,2017/09/17,Sunday,Late Paysheet RA 8/28-9/3/17,12:00 AM-12:00 AM,1,details,
Zachary Mowatt,2017/09/17,Sunday,Asst. Training Coordinator Week 2,12:00 AM-12:00 AM,13,details,
Gabrielle Aviles,2017/09/17,Sunday,Training Coordinator Week 1,12:00 AM-12:00 AM,21.5,details,
Kenneth Marrocco,2017/09/17,Sunday,Service Coordinator Week 2,12:00 AM-12:00 AM,40,details,
Glenell Jaquez,2017/09/17,Sunday,"PR Coordinator, Week 2",12:00 AM-12:00 AM,20.25,details,
Michael Konchan,2017/09/17,Sunday,Late Paysheet MK 8/28-9/3/17,12:00 AM-12:00 AM,11.41,details,
Raul Avalos,2017/09/17,Sunday,Director Stipend,12:00 AM-12:00 AM,"$2,019.24 ",details,
Alpha Chen,2017/09/17,Sunday,Late Paysheet AC 8/28-9/3/17,12:00 AM-12:00 AM,4.5,details,
Alpha Chen,2017/09/17,Sunday,Dispatch AM I,8:15 AM-12:00 PM,3.75,details,
Daniel Rozhkov,2017/09/17,Sunday,Stark ALPHA,8:15 AM-11:30 AM,3.25,details,
Alexander Fritz,2017/09/17,Sunday,Training with Natan (BUS 2),9:00 AM-12:00 PM,3,details,
Qiming Zou,2017/09/17,Sunday,Stark BETA,9:15 AM-12:00 PM,2.75,details,Permanent owner: Alexander Fritz.
Philip Guinto,2017/09/17,Sunday,Stark CHI,9:30 AM-11:45 AM,2.25,details,
Deborah Musselman,2017/09/17,Sunday,Stark DELTA,9:30 AM-12:15 PM,2.75,details,Permanent owner: James Zihal.
Nicolas Marjolin,2017/09/17,Sunday,Stark EPSILON,9:30 AM-12:00 PM,2.5,details,
Anthony Ivanov,2017/09/17,Sunday,Baratheon ALPHA,11:30 AM-2:30 PM,3,details,Permanent owner: Chloe Roth.
Shenandoah Graiser,2017/09/17,Sunday,Baratheon CHI,11:45 AM-2:30 PM,2.75,details,Permanent owner: Samuel Chosak.
Alpha Chen,2017/09/17,Sunday,Dispatch AM II,12:00 PM-4:00 PM,4,details,
Alexander Fritz,2017/09/17,Sunday,Baratheon BETA,12:00 PM-2:15 PM,2.25,details,
Marvel Tranquille,2017/09/17,Sunday,Baratheon EPSILON,12:00 PM-2:45 PM,2.75,details,
Brian Warm,2017/09/17,Sunday,Baratheon DELTA,12:15 PM-2:45 PM,2.5,details,
Janine Alto,2017/09/17,Sunday,Training with Lizzia (BUS 1),1:30 PM-4:30 PM,3,details,
Adrian Antonio,2017/09/17,Sunday,Martell BETA,2:15 PM-5:30 PM,3.25,details,Permanent owner: Omer Atasever.
Qiming Zou,2017/09/17,Sunday,Martell ALPHA,2:30 PM-5:15 PM,2.75,details,Permanent owner: Chloe Roth.
Nicolas Marjolin,2017/09/17,Sunday,Martell CHI,2:30 PM-5:00 PM,2.5,details,Permanent owner: Samuel Chosak.
Kyle Hussong,2017/09/17,Sunday,Martell DELTA,2:45 PM-5:00 PM,2.25,details,Permanent owner: Brian Warm.
Alexander Fritz,2017/09/17,Sunday,Martell EPSILON,2:45 PM-5:00 PM,2.25,details,
Naveed Tariq,2017/09/17,Sunday,Dispatch PM I,4:00 PM-8:30 PM,4.5,details,
Haley Simmons,2017/09/17,Sunday,Greyjoy CHI,5:00 PM-7:45 PM,2.75,details,
Gaddi Eshun,2017/09/17,Sunday,Greyjoy EPSILON,5:00 PM-8:00 PM,3,details,Permanent owner: Amy Merke.
Kyle Hussong,2017/09/17,Sunday,Greyjoy DELTA,5:00 PM-7:45 PM,2.75,details,Permanent owner: Johnathon Vasuthevan.
Jenny Yakir,2017/09/17,Sunday,Greyjoy ALPHA,5:15 PM-7:30 PM,2.25,details,
Nicolas Marjolin,2017/09/17,Sunday,Greyjoy BETA,5:30 PM-8:15 PM,2.75,details,Permanent owner: Samuel Chosak.
Jenny Yakir,2017/09/17,Sunday,Targaryen ALPHA,7:30 PM-10:00 PM,2.5,details,
Anthony Ivanov,2017/09/17,Sunday,Targaryen CHI,7:45 PM-10:30 PM,2.75,details,
Kevin Giacchetto,2017/09/17,Sunday,Targaryen DELTA,7:45 PM-10:00 PM,2.25,details,
Deborah Musselman,2017/09/17,Sunday,Targaryen EPSILON,8:00 PM-10:15 PM,2.25,details,
Timothy Akaka,2017/09/17,Sunday,Targaryen BETA,8:15 PM-10:30 PM,2.25,details,
Yonatan Hammerman,2017/09/17,Sunday,Dispatch PM II,8:30 PM-1:05 AM,4.58,details,
Qiming Zou,2017/09/17,Sunday,Lannister ALPHA,10:00 PM-12:20 AM,2.33,details,Permanent owner: Amy Merke.
Kevin Giacchetto,2017/09/17,Sunday,Lannister DELTA,10:00 PM-1:05 AM,3.08,details,
Kylie Mawn,2017/09/17,Sunday,Lannister EPSILON,10:15 PM-12:35 AM,2.33,details,
Deborah Musselman,2017/09/17,Sunday,Lannister BETA,10:30 PM-1:05 AM,2.58,details,
Anthony Ivanov,2017/09/17,Sunday,Lannister CHI,10:30 PM-1:05 AM,2.58,details,Permanent owner: Administrator.